지점,일시,평균기온(°C),최저기온(°C),최저기온 시각(hhmi),최고기온(°C),최고기온 시각(hhmi),강수 계속시간(hr),10분 최다 강수량(mm),10분 최다강수량 시각(hhmi),1시간 최다강수량(mm),1시간 최다 강수량 시각(hhmi),일강수량(mm),최대 순간 풍속(m/s),최대 순간 풍속 풍향(16방위),최대 순간풍속 시각(hhmi),최대 풍속(m/s),최대 풍속 풍향(16방위),최대 풍속 시각(hhmi),평균 풍속(m/s),풍정합(100m),평균 이슬점온도(°C),최소 상대습도(%),최소 상대습도 시각(hhmi),평균 상대습도(%),평균 증기압(hPa),평균 현지기압(hPa),최고 해면기압(hPa),최고 해면기압 시각(hhmi),최저 해면기압(hPa),최저 해면기압 시각(hhmi),평균 해면기압(hPa),가조시간(hr),합계 일조 시간(hr),1시간 최다일사 시각(hhmi),1시간 최다일사량(MJ/m2),합계 일사(MJ/m2),일 최심신적설(cm),일 최심신적설 시각(hhmi),일 최심적설(cm),일 최심적설 시각(hhmi),합계 3시간 신적설(cm),평균 전운량(1/10),평균 중하층운량(1/10),평균 지면온도(°C),최저 초상온도(°C),평균 5cm 지중온도(°C),평균 10cm 지중온도(°C),평균 20cm 지중온도(°C),평균 30cm 지중온도(°C),0.5m 지중온도(°C),1.0m 지중온도(°C),1.5m 지중온도(°C),3.0m 지중온도(°C),5.0m 지중온도(°C),합계 대형증발량(mm),합계 소형증발량(mm),9-9강수(mm),안개 계속시간(hr)
192,2011-01-01,-.8,-8.4,38,3.9,1530,,,,,,,11.4,320,251,5.3,320,259,2.4,2079,-12.8,25,1017,40.8,2.3,1016,1025.2,2333,1014.5,148,1019.4,9.8,8.4,1100,1.95,11.8,,,,,,2.6,1.1,-1,-9.3,-.2,.5,2,3,4.8,9.3,,,,,1.9,,
192,2011-01-02,-1.4,-8.2,718,8,1452,,,,,,,4.9,340,1639,3,340,1647,.4,362,-9.5,28,1552,57.9,3,1021.1,1027.4,814,1022.5,1537,1024.5,9.9,8.5,1200,2.03,12.19,,,,,,0,0,-.2,-10,.2,1,2.1,3,4.5,9.2,,,,,2.1,,
192,2011-01-03,-1,-9.1,733,6.1,1446,,,,,,,5.6,20,1651,3,50,1656,.6,550,-8.9,29,1413,58.4,3.2,1017.1,1022.9,223,1018,1534,1020.6,9.9,7,1200,1.95,11.14,,,,,,5.6,2.4,-.5,-11.2,.1,.9,2.1,3,4.4,9,,,,,1.6,,
192,2011-01-04,-.8,-6,2329,5.8,1329,,,,,,,7.4,340,1507,3.9,360,1508,.8,664,-8.3,30,1331,60,3.3,1017,1021.5,833,1019.1,1405,1020.5,9.9,8.5,1200,2.08,12.55,,,,,,.5,.5,1.2,-9,1.2,2.1,2.7,3.3,4.5,8.7,,,,,1.6,,
192,2011-01-05,-.8,-7.4,142,6.5,1414,,,,,,,6.8,250,1615,3.9,250,1451,.5,421,-8,30,1548,61.3,3.4,1016.5,1022.1,2343,1017.3,1511,1020,9.9,5.6,1200,1.91,9.42,,,,,,4.8,2.1,.4,-7.8,.9,1.6,2.5,3.2,4.7,8.5,,,,,1.3,,
192,2011-01-06,-2.2,-6.7,2347,3.4,1317,,,,,,,8.2,340,1808,4.8,340,1813,1.3,1089,-11.7,23,1317,52.3,2.6,1019.9,1026.4,2311,1021,508,1023.4,9.9,8.5,1200,2.08,12.3,,,,,,.4,.4,-.2,-10.3,.5,1.5,2.5,3.2,4.4,8.5,,,,,1.4,,
192,2011-01-07,-3.6,-11.3,701,5.6,1457,,,,,,,5,340,1607,2.5,50,1530,.6,482,-15.9,12,1555,44.8,1.8,1022.9,1028.6,953,1024.6,1413,1026.4,9.9,8.6,1200,2.15,13.05,,,,,,.1,0,-2,-13.3,-.6,.4,1.8,2.8,4.2,8.4,,,,,1.6,,
192,2011-01-08,-3.6,-12.2,730,6.2,1531,,,,,,,4.1,230,1658,2.7,200,1600,.4,318,-13.4,15,1355,52.5,2.2,1021.1,1027.2,323,1022.1,2327,1024.6,9.9,8.6,1200,2.12,12.72,,,,,,.1,0,-1.8,-12.9,-.8,0,1.4,2.4,4.2,8.3,,,,,1.7,,
192,2011-01-09,-2.9,-8.1,732,4,1328,,,,,,,10.4,320,1918,5.1,340,1144,1.7,1437,-13.8,20,1420,49.3,2.2,1019.6,1026.4,2214,1020.2,1325,1023,9.9,6.8,1200,2.06,11.77,,,,,,3.3,2.1,-.8,-9.4,-.5,.1,1.4,2.3,3.8,7.9,,,,,2.4,,
192,2011-01-10,-4.6,-12.8,714,3.4,1454,,,,,,,7.1,70,1336,3.5,20,1349,1,845,-19.5,10,1345,35,1.3,1020.1,1026.8,925,1021.1,1630,1023.6,10,8.7,1200,2.19,13.07,,,,,,.8,0,-2.7,-14.7,-1.2,-.2,1.1,2.1,4,8,,,,,2.3,,
192,2011-01-11,-3.7,-10.8,712,4.9,1513,,,,,,,7.2,340,1627,3.6,340,1627,.5,465,-13.5,22,1332,49.9,2.2,1014,1021.7,16,1013.9,1552,1017.5,10,8.1,1200,2.07,11.81,,,,,,3,.9,-1.6,-12.7,-1,-.2,1,2,3.9,7.9,,,,,1.8,,
192,2011-01-12,-3.7,-8,2348,1,1507,,,,,,,9.3,320,1225,5,360,1155,1.8,1589,-16.4,16,1433,42.9,1.8,1017.4,1024.5,2317,1016,57,1020.9,10,8.6,1200,2.24,13.41,,,,,,.8,.8,-1.9,-11.8,-1,-.2,1,1.9,3.5,7.7,,,,,1.6,,
192,2011-01-13,-4.5,-11.6,743,5,1510,,,,,,,3.5,180,1724,2.1,200,1712,.5,442,-13.9,21,1507,51,2.1,1021.9,1027.4,2351,1023.2,1355,1025.4,10,8.7,1300,2.06,12.3,,,,,,1,0,-2.4,-13.7,-1.4,-.5,.8,1.8,3.2,7.4,,,,,1.1,,
192,2011-01-14,-1.6,-11.5,637,6.4,1544,,,,,,,5.1,50,1656,3.1,360,1647,.5,458,-11.2,25,1355,51.9,2.6,1021.8,1028.1,949,1022.6,1632,1025.3,10,6.7,1200,1.97,11.1,,,,,,3.9,0,-1.7,-13.1,-1.1,-.6,.6,1.6,3,7.5,,,,,1.4,,
192,2011-01-15,-4.2,-10.7,2353,1.2,2,,,,,,,12.7,340,1852,6.7,340,1853,3.2,2768,-20.3,18,1206,27.8,1.3,1019.6,1025.5,955,1021,1442,1023.1,10,5.9,1200,2.22,11.68,,,,,,3.4,.8,-1.1,-12.4,-.8,-.2,.8,1.6,3,7.4,,,,,1.5,,
192,2011-01-16,-8.5,-15.6,647,-1.7,1324,,,,,,,12,320,1345,6.3,340,1508,1.6,1384,-20.4,18,1332,41.4,1.3,1021,1027,2226,1022,1320,1024.6,10.1,8.8,1200,2.28,13.86,,,,,,0,0,-4.6,-17,-2.4,-1,.5,1.6,2,7.1,,,,,1.5,,
192,2011-01-17,-5,-14.4,647,3.7,1525,,,,,,,7.9,320,1417,4.4,340,1422,.8,700,-17.9,11,1347,44.8,1.6,1024.8,1030.5,926,1026.1,1342,1028.3,10.1,8.8,1200,2.29,14.73,,,,,,.3,.1,-3.3,-15.4,-2.2,-1.2,.2,1.4,2.5,7,,,,,1.8,,
192,2011-01-18,-4.1,-10.2,755,2.7,1457,,,,,,,3.7,50,335,1.6,340,1418,.3,280,-12.5,31,1332,53.9,2.4,1024.5,1029.9,738,1025.9,1529,1028,10.1,2.2,1300,1.41,7.19,,,,,,4.4,0,-2.3,-12.6,-1.7,-1,.2,1.3,2.6,7,,,,,1.6,,
192,2011-01-19,-3.9,-11.5,745,4.5,1540,,,,,,,3.8,230,1504,2.2,250,1509,.4,369,-12.3,23,1707,57,2.4,1022.8,1028.4,649,1023.6,1440,1026.3,10.1,8.8,1200,2.19,12.84,,,,,,1.9,0,-2,-14,-1.6,-.9,.1,1.2,2.5,6.8,,,,,1.4,,
192,2011-01-20,-4,-10.2,448,2.8,1419,,,,,,,5.3,360,1114,2.6,360,1114,.7,590,-13.7,24,1617,51.1,2.2,1020.9,1026.1,400,1021.9,1502,1024.4,10.2,5.5,1300,2,10.94,,,,,,5,0,-1.4,-11,-1.3,-.7,.2,1.2,2.6,6.7,,,,,1,,
192,2011-01-21,-3.3,-9.9,318,5,1505,,,,,,,4.7,340,1554,2.6,20,1703,.7,570,-16.3,13,1551,40.6,1.7,1020.2,1026,2353,1020.8,1538,1023.7,10.2,8.3,1200,2.06,12.07,,,,,,2.8,0,-1.4,-11.6,-1.2,-.6,.3,1.3,2.7,6.5,,,,,1.6,,
192,2011-01-22,-2.2,-10.6,719,6.2,1523,,,,,,,6,360,1539,3.6,20,1620,.8,660,-11.7,24,1512,51.5,2.5,1022.4,1027.7,1030,1024.4,1636,1025.9,10.2,9,1200,2.17,13.1,,,,,,.9,.1,-1.5,-12.6,-1.2,-.6,.2,1.3,2.5,6.5,,,,,1.7,,
192,2011-01-23,-.7,-6,404,5.2,1541,,,,,,,8.8,270,1729,4.8,250,1729,.8,705,-9,20,1339,59,3.2,1021.4,1028.3,616,1022.3,1716,1024.8,10.2,1.6,1100,1.51,7.37,,,,,,7.8,.9,-.3,-8.2,-.5,-.3,.4,1.3,2.7,6.6,,,,,2,,
192,2011-01-24,-3.1,-9,735,2.1,1144,,,,,,,10.4,360,1710,4.8,360,1428,1.3,1123,-12.5,29,1310,50.4,2.4,1021.3,1027.5,2359,1022.5,0,1024.8,10.2,9,1200,2.26,14.41,,,,,,1.1,1.1,-1,-11.7,-.6,-.2,.5,1.4,2.5,6.3,,,,,2,,
192,2011-01-25,-3.7,-11.7,603,4.7,1517,,,,,,,8.1,340,2247,4.3,360,2253,.7,607,-14,22,1518,48,2.1,1025.6,1030.7,724,1026.3,1517,1029.1,10.3,7.8,1200,2.28,13.1,,,,,,1,0,-1.2,-13.5,-1,-.4,.4,1.3,2.7,6.3,,,,,1.7,,
192,2011-01-26,-2.6,-8.7,508,3.7,1414,,,,,,,7.9,320,1633,3.6,20,1703,1.1,985,-15.9,18,1605,37.1,1.8,1029.1,1034,2302,1030.5,10,1032.6,10.3,9.1,1200,2.25,13.93,,,,,,0,0,-1.4,-12.9,-.9,-.3,.5,1.3,2.3,6.2,,,,,1.4,,
192,2011-01-27,-2.4,-8.1,325,2.9,1359,,,,,,,9.5,360,600,4.5,360,616,1.4,1219,-19.7,13,1416,27.6,1.3,1030.7,1035.9,1125,1032.7,1542,1034.3,10.3,5,1300,1.68,9.67,,,,,,6.5,0,-1.2,-10.9,-1,-.4,.5,1.3,2.2,6.1,,,,,1.5,,
192,2011-01-28,-1.4,-6.2,2326,5.2,1525,,,,,,,4.4,140,1109,2.5,70,952,.7,565,-19.1,11,1449,26.4,1.4,1026.1,1033.5,19,1026.4,1632,1029.6,10.4,7.9,1300,2.18,12.99,,,,,,4.3,0,0,-10.4,-.3,-.2,.5,1.4,2.5,6,,,,,2,,
192,2011-01-29,-2.9,-8.3,750,.9,1203,,,,,,,12.6,320,1511,5.7,340,1258,2.2,1880,-18.6,18,1519,29.3,1.5,1023.6,1028.5,2225,1025.3,1439,1027.1,10.4,8.2,1300,2.32,12.88,,,,,,1.1,.8,-1.7,-11.8,-1,-.4,.5,1.3,2.2,6.1,,,,,2,,
192,2011-01-30,-6.2,-12.8,739,-.7,1425,,,,,,,11.8,340,1217,5.3,320,1240,1.4,1228,-16.6,20,1226,47.8,1.7,1024.1,1029.7,905,1026,1610,1027.7,10.4,8.6,1200,2.46,15.41,,,,,,.8,.8,-2.7,-14.9,-1.7,-.7,.3,1.2,2.1,6,,,,,1,,
192,2011-01-31,-4.2,-13.2,657,3.8,1507,,,,,,,8.8,340,1334,4.7,360,1407,1.3,1161,-14.1,19,1432,51.6,2.1,1022.7,1028.6,843,1024.2,1619,1026.3,10.4,9.3,1200,2.43,16.08,,,,,,0,0,-2.1,-15.9,-1.4,-.8,.2,1.1,2.1,5.9,,,,,1.9,,
192,2011-02-01,-1.3,-11.1,725,8.8,1417,,,,,,,3.4,230,1607,2,200,1543,.4,334,-10.1,21,1418,56.5,2.9,1020.5,1026.5,1006,1021.7,1556,1023.9,10.5,6.8,1200,2.42,13.81,,,,,,4.4,0,-1.1,-12,-.8,-.5,.2,1.1,2.2,6,,,,,1.6,,
192,2011-02-02,1.3,-5.9,707,11.4,1457,,,,,,,5.8,270,1348,3.4,250,1351,.8,709,-10.3,13,1515,48.9,2.9,1018.9,1023.8,2330,1020.2,1449,1022.4,10.5,9,1200,2.27,13.83,,,,,,1.6,0,1.1,-8.8,.1,-.1,.4,1.2,2.3,5.8,,,,,2.1,,
192,2011-02-03,.5,-8.7,705,11.3,1523,,,,,,,6.7,230,1532,4,250,1459,.8,711,-11.9,11,1444,47.1,2.5,1018.6,1024.4,910,1019,1632,1022,10.5,9.3,1200,2.37,14.32,,,,,,0,0,.3,-11.6,-.1,-.1,.6,1.3,2.1,5.6,,,,,2,,
192,2011-02-04,.9,-7,711,11.9,1538,,,,,,,6.5,110,1438,3.6,110,1445,.7,595,-9.5,14,1701,50.6,3,1016.4,1022.3,230,1016.9,1441,1019.8,10.6,8.2,1200,2.01,12.31,,,,,,2.1,0,.7,-9.6,-.1,.3,.8,1.4,2.2,5.7,,,,,2.1,,
192,2011-02-05,1.2,-7.3,726,12.4,1451,,,,,,,4.7,250,1633,2.5,110,1324,.7,634,-11.8,13,1502,44.3,2.5,1017,1022.8,925,1018.7,1421,1020.4,10.6,9,1200,2.34,14.22,,,,,,.6,0,1.4,-8.6,.8,1.1,1.2,1.6,2.4,5.7,,,,,2.3,,
192,2011-02-06,3.3,-5.1,308,13.4,1420,,,,,,,8.8,250,1655,5.5,250,1659,1.2,1024,-6.8,23,1420,52,3.7,1012.8,1020.1,4,1012.9,1406,1016.1,10.6,6.2,1200,1.82,10.92,,,,,,3.1,0,1.4,-8.2,1.6,1.7,1.7,1.9,2.5,5.8,,,,,1.8,,
192,2011-02-07,2.3,-5.8,704,11.2,1421,,,,,,,6.5,200,1726,2.9,110,1215,.9,791,-7.9,15,1606,54.9,3.5,1013.3,1019.6,846,1014.2,1638,1016.7,10.7,6.3,1100,2.23,12.82,,,,,,2.9,0,2.3,-8.9,1.9,2.2,2.2,2.3,2.6,5.8,,,,,1.9,.4,
192,2011-02-08,.9,-1.7,3,3.1,1638,11.33,,,,,2.5,3.9,320,1519,2.1,320,1525,.6,517,-1.6,62,503,84.3,5.6,1006.7,1014.5,5,1006.9,1511,1010.1,10.7,0,1400,.17,1.13,,,,,,9.4,7.1,1,-3.9,1.2,1.6,2.1,2.5,2.7,5.9,,,,,.1,2.1,4.35
192,2011-02-09,2.4,-3.4,730,9.9,1341,,,,,,,8,20,1517,4.5,20,1503,1,899,-6.1,19,1349,61.4,4.1,1012.4,1018.9,2358,1010.9,44,1015.8,10.7,8.7,1300,2.49,15.44,,,,,,4.6,1.3,3,-6.1,3,3.1,2.9,2.8,2.7,5.9,,,,,2.2,,4.97
192,2011-02-10,-.2,-4.3,246,3.4,1236,3.67,,,,,1.1,3.3,340,943,1.7,340,947,.6,505,-5,33,1237,73.9,4.4,1015.8,1020.7,911,1017.9,1814,1019.2,10.8,0,1000,.71,3.59,.5,1543,.5,1543,.5,8.9,4.6,.5,-7.4,1,1.7,2.4,2.9,3,6,,,,,.2,1.1,.75
192,2011-02-11,1.2,-5.6,740,9.4,1408,,,,,,,8,140,1419,4.2,340,1953,1.3,1091,-8.5,19,2144,56,3.5,1013,1018.8,0,1013.4,1428,1016.4,10.8,8,1200,2.56,15.96,,,,,,1.6,1.6,3.3,-7.8,2.7,3,2.9,3,3.2,6,,,,,2.5,,2.75
192,2011-02-12,-1.4,-6.7,2359,4.3,1527,,,,,,,10.4,340,845,5.5,340,533,2.2,1875,-15.9,17,1437,34.1,1.8,1017.6,1025,2322,1016.1,120,1021.1,10.8,9.9,1200,2.57,16.4,,,,,,.4,0,1.3,-8.4,1.3,2.1,2.6,3.1,3.5,6,,,,,2.1,,
192,2011-02-13,-2.4,-10.1,442,5.5,1526,,,,,,,5.1,110,1214,3.4,110,1147,.9,747,-13,17,1527,49.1,2.3,1020.4,1026.6,924,1022.1,1447,1023.9,10.9,7.1,1200,2.4,14.25,,,,,,4.4,.4,.8,-10.1,.3,1,1.9,2.7,3.4,6,,,,,2,,
192,2011-02-14,-.3,-4.2,630,3.3,1545,3.33,,,,,0,8.8,340,1604,4.7,360,1643,1.5,1321,-9.4,34,953,50.9,3,1018.7,1025.6,2352,1019.9,1515,1022.1,10.9,.5,1300,1.46,8.13,,,,,,5.9,2.6,1.8,-7.6,1.5,1.8,2.3,2.7,3,6.2,,,,,.9,0,
192,2011-02-15,1,-5.2,612,8.8,1414,,,,,,,7.1,110,1614,4.1,140,1548,1.1,918,-6.8,31,1414,59.1,3.7,1025,1030.8,907,1025.6,0,1028.5,10.9,8.9,1200,2.55,16.24,,,,,,1.4,1.4,3.7,-8.1,2.8,3.1,3,3.1,3.2,6.1,,,,,2.1,,
192,2011-02-16,2.2,-7,644,10.2,1402,4.1,,,,,3,6.3,180,1646,3.2,180,1653,.7,632,-3.2,34,1344,70.9,5,1021.2,1029.1,10,1020.7,2357,1024.6,11,4.8,1300,2.3,11.25,,,,,,6.5,3.4,3.2,-9.2,3,3.1,3.1,3.3,3.4,6.2,,,,,1.5,11,
192,2011-02-17,3.9,-.9,2351,6.6,1600,9.5,,,,,8,5.6,20,1832,2.7,20,1833,1,854,1.6,66,2128,85.9,7,1012.3,1020.7,0,1012.6,1447,1015.7,11,0,1300,.76,3.46,,,,,,8.6,5,5.3,-4.3,4.8,4.7,4.4,4.2,3.7,6.1,,,,,.5,0,
192,2011-02-18,1.8,-4.3,708,9.4,1525,,,,,,,5.5,50,1127,3.3,90,1144,1,825,-3.4,35,1626,72.1,4.8,1018.6,1024.7,2350,1017,0,1022,11,9.3,1200,2.52,16.2,,,,,,.3,.3,3.9,-7.3,3.4,4.1,4.2,4.3,3.9,6.4,,,,,2,,
192,2011-02-19,3,-4.1,716,12.6,1424,,,,,,,4.7,110,1430,3,110,1435,.7,585,-4.1,22,1425,65.5,4.5,1019.7,1025.6,833,1020.6,1645,1023.1,11,6.6,1300,2.53,15.17,,,,,,5,0,4.7,-6.5,4.3,4.5,4.4,4.4,4,6.5,,,,,1.8,,
192,2011-02-20,5.1,-2.7,649,13.8,1428,,,,,,,7.6,70,1813,4.5,90,1813,1.3,1109,-4,20,1420,57.9,4.6,1021.1,1027.2,2234,1022.4,1511,1024.5,11.1,7.4,1300,2.55,15.15,,,,,,4.8,.1,5.3,-5,4.9,5,4.9,4.8,4.2,6.5,,,,,2.6,,
192,2011-02-21,5,-1.6,708,12.4,1615,,,,,,,7.3,90,1134,3.7,340,1058,1.1,981,-4.1,28,1600,56.1,4.5,1022.5,1028.3,911,1023.1,1617,1025.9,11.1,10.1,1200,2.72,16.91,,,,,,.1,0,4.4,-5.1,4.5,5,5.2,5.1,4.5,6.8,,,,,2.7,,
192,2011-02-22,3.8,-4.3,655,12.6,1527,,,,,,,5.6,110,1222,3.7,110,1117,.9,766,-2.8,33,1438,66.5,5,1021.6,1027.4,833,1022.6,1719,1025,11.2,7.8,1200,2.77,16.49,,,,,,1.5,0,4.4,-7.8,4.5,5,5.1,5.1,4.8,6.7,,,,,2.5,,
192,2011-02-23,4.8,-2.8,526,14,1635,,,,,,,4.5,230,1705,2.3,340,1558,.6,541,-1.4,26,1554,68.8,5.6,1018.1,1024.1,807,1018.5,1617,1021.5,11.2,6.7,1400,1.83,13.38,,,,,,2.9,0,5.2,-5.7,4.9,5.1,5.3,5.3,4.8,6.8,,,,,2.1,,
192,2011-02-24,8.2,-1.3,702,19.9,1459,,,,,,,8.6,160,1533,3.9,200,1534,.9,818,1.1,32,1459,66.1,6.7,1014.5,1020.5,839,1014,1628,1017.8,11.2,9.7,1200,2.64,17.2,,,,,,.4,.4,7.3,-3.5,6.8,6.7,6.2,5.8,4.9,6.9,,,,,2.9,,
192,2011-02-25,6.3,-.9,2357,16.4,1337,,,,,,,8.3,360,1420,4.3,360,1440,1.1,916,-7.5,9,1330,49.5,3.9,1020.1,1028.6,2323,1018.8,28,1023.5,11.3,3.7,1200,2.32,13.13,,,,,,4.1,0,5.9,-4.7,6.2,6.6,6.7,6.5,5.2,7,,,,,2.9,,
192,2011-02-26,5.7,-3.3,422,13.9,1445,,,,,,,5.9,90,1448,3.8,110,1640,1.3,1122,-2.4,36,1342,57.8,5.3,1024.8,1031.8,846,1025.5,1636,1028.2,11.3,9.7,1200,2.76,18.18,,,,,,3.1,1,6.2,-6.4,5.7,6.1,6.1,6.2,5.5,7.2,,,,,2.4,6,
192,2011-02-27,6.5,5.5,346,7.6,1739,21.42,,,,,65,4.8,20,1726,2.5,110,1756,.9,791,5.2,70,22,91.8,8.8,1015.6,1025.7,0,1014,2307,1018.9,11.3,0,1300,.13,.76,,,,,,10,7.6,6.9,5.5,6.7,6.8,6.8,6.8,7,7.5,,,,,1.4,66.5,
192,2011-02-28,6.4,5.7,811,7.6,1523,15.13,,,,,8,5.5,20,649,2.8,340,556,1.2,1051,4.8,80,1450,90.1,8.6,1013,1018.5,1117,1013.7,406,1016.3,11.4,0,1200,.64,3.17,,,,,,10,6.8,7.3,5.7,7,7.1,7.1,7,6.1,7.3,,,,,.3,4.5,
192,2011-03-01,5.1,.4,2308,8.5,1353,7.05,,,,,4.5,9.4,20,1551,5.2,20,1523,1.6,1411,-.1,51,1857,70.6,6.3,1009.9,1016,2252,1009.9,1516,1013.2,11.4,.1,1300,1.21,6.66,,,,,,7.1,4.5,6.2,-2.7,6.6,6.9,7.1,7.1,6.3,7.5,,,,,1.6,.5,
192,2011-03-02,1.7,-4.4,634,6.6,1555,,,,,,,11.9,340,1356,5.5,340,1407,2.3,2029,-10.9,20,1246,42.5,2.7,1015.4,1021.6,2345,1015.6,0,1018.8,11.5,10.4,1200,3.01,20.86,,,,,,.6,.4,3.8,-7,4.1,4.9,5.7,6.1,6.2,7.7,,,,,3.5,,
192,2011-03-03,1.2,-5.4,538,6,1404,,,,,,,10.1,360,1604,5.6,360,1428,2.2,1876,-12.8,21,1754,36.1,2.3,1017.5,1022.7,822,1018.3,1455,1021,11.5,10.4,1200,3.02,20.18,,,,,,.8,.3,3.5,-8.2,3.7,4.5,5.2,5.6,5.8,7.8,,,,,3.4,,
192,2011-03-04,1.8,-5.8,705,9.4,1619,,,,,,,6.8,360,1816,4,360,1647,1.5,1307,-11.1,17,1459,43,2.7,1020.2,1025.4,2323,1021.7,23,1023.6,11.5,10.7,1200,3.04,20.81,,,,,,0,0,4.2,-8.6,4.2,4.7,5.1,5.4,5.7,7.8,,,,,3.2,,
192,2011-03-05,2.4,-5.9,655,9.9,1625,,,,,,,8.4,110,1407,4.9,110,1409,1.1,933,-6.5,28,1052,55.9,3.8,1019.4,1026.3,911,1019.4,1702,1022.8,11.6,8,1200,2.34,16.51,,,,,,3,.9,4.2,-6.7,4,4.5,5.1,5.4,5.5,7.6,,,,,2.4,,
192,2011-03-06,5,-2,142,12.8,1540,,,,,,,5.5,110,1035,3.5,90,1246,1,879,-5.2,18,1433,53.1,4.3,1012.9,1020.8,134,1012.4,1651,1016.3,11.6,5.7,1200,2.84,14.87,,,,,,6.4,2.6,6.3,-5.1,6,5.9,5.8,5.8,5.7,7.6,,,,,2.6,,
192,2011-03-07,5.5,-2,2352,10,1204,,,,,,,9.2,340,1821,4.8,340,1912,2.3,1953,-9.3,20,1303,35.8,3.1,1011,1017.7,2352,1012.5,1414,1014.3,11.6,10.5,1200,2.97,20.42,,,,,,1.1,0,6.9,-6.2,6.9,6.9,6.7,6.5,5.9,7.8,,,,,3.6,,
192,2011-03-08,2.9,-4.7,701,10.1,1603,,,,,,,9.7,250,1454,5.9,250,1457,2,1687,-10.7,13,1612,41,2.7,1015.9,1021,2305,1016.9,1625,1019.3,11.7,10.8,1200,2.96,20.72,,,,,,.3,.3,4.2,-7.7,4.8,5.4,5.9,6.2,6,7.9,,,,,3.7,,
192,2011-03-09,2.2,-5.1,659,8,1412,,,,,,,11.7,340,1158,5.9,340,1927,2.5,2134,-12.3,14,1328,38,2.4,1020.6,1026.6,2216,1020.8,0,1024,11.7,10.2,1200,3.11,21.06,,,,,,.5,.5,4.2,-6,4.4,5,5.6,6,6.1,7.9,,,,,3.4,,
192,2011-03-10,2.4,-6.1,531,10.9,1627,,,,,,,8.5,250,1812,5.4,250,1839,1.6,1410,-9.6,21,1608,46.4,3,1020.1,1026.6,851,1019.9,1645,1023.5,11.7,11,1200,3.03,21.57,,,,,,.3,.3,4.9,-7.6,4.8,5.3,5.6,5.8,5.8,7.9,,,,,3.6,,
192,2011-03-11,4.6,-4.4,644,14,1510,,,,,,,7.7,340,1459,4.6,340,1501,1.1,953,-9,13,1410,44.4,3.2,1019.4,1024.9,857,1020.1,1651,1022.7,11.8,10.8,1200,3.08,21.18,,,,,,1,0,5.6,-7.5,5.9,6.1,6.2,6.2,5.9,7.9,,,,,3.5,,
192,2011-03-12,6.9,-1.8,706,15.3,1400,,,,,,,8.3,110,1530,4.1,270,1338,1,902,-3.3,16,1335,53,4.9,1017.9,1023.5,926,1018.8,1619,1021.3,11.8,6.8,1200,2.79,17.15,,,,,,3.1,.1,8.2,-4.1,7.2,7.1,6.9,6.7,6,7.9,,,,,3,,
192,2011-03-13,8.8,-1,640,19.8,1414,,,,,,,6.8,160,1657,3.4,180,1636,.9,757,1.9,25,1413,67.5,7.1,1016.1,1022.3,906,1016.7,1539,1019.4,11.9,10.4,1200,2.98,20.25,,,,,,.8,0,10.4,-2.1,9.1,8.7,8,7.5,6.4,8,,,,,3.5,,
192,2011-03-14,10.5,3,537,20.1,1446,,,,,,,6,180,1606,3.3,200,1614,1,863,2,24,1445,63,7.1,1012.7,1018.5,0,1012.9,1538,1016,11.9,5.6,1000,2.21,14.78,,,,,,4.5,.4,11.3,.4,9.9,9.5,8.9,8.4,7,8,,,,,3,,
192,2011-03-15,5.7,.9,2359,11.5,1154,,,,,,,12.8,290,1651,6.5,340,1355,2.6,2267,-7.5,17,1718,45.8,4,1013,1020,2202,1013.1,1431,1016.4,11.9,7.8,1200,2.89,17.71,,,,,,2.4,1.1,8.6,-.7,8.3,8.9,8.9,8.6,7.2,8.2,,,,,4.2,,
192,2011-03-16,2.7,-2.3,627,6.8,1514,,,,,,,10.6,360,1213,5,320,1150,2.6,2214,-13.7,20,1007,29.1,2.1,1017.3,1022.4,819,1018.4,1717,1020.7,12,7.6,1200,3.23,18.18,,,,,,2.6,2.4,4.3,-6.1,5.7,6.4,7.3,7.7,7.4,8.2,,,,,3.5,,
192,2011-03-17,3.7,-3.9,619,10.8,1623,,,,,,,10,320,1438,5.2,340,1439,2,1693,-12,13,1445,35.4,2.5,1020.8,1027.1,2349,1021.8,2,1024.2,12,11.2,1200,3.24,23.14,,,,,,0,0,6.4,-5.4,6.4,6.7,7,7.2,7.2,8.6,,,,,4,,
192,2011-03-18,5.6,-4.2,636,13.7,1402,,,,,,,6.9,110,1418,3.9,140,1423,1.2,996,-6.1,16,1225,47.8,4.1,1020.7,1028,756,1020.4,2328,1024.1,12,6.5,1300,2.62,16.62,,,,,,4.3,1.5,6.9,-5.5,6.7,6.8,6.9,7.1,7.9,8.5,,,,,2.9,,
192,2011-03-19,10.3,2.8,638,16.6,1448,,,,,,,9.5,230,1307,4.1,110,1419,1.4,1236,3.5,43,1519,64.4,7.9,1015.2,1020.5,0,1016.2,1652,1018.5,12.1,2.1,1300,2.28,13.45,,,,,,7.5,1.5,10.9,-.3,9.2,8.8,8.1,7.9,8,8.6,,,,,2.2,18.5,
192,2011-03-20,9.4,6.1,2359,11.8,2,8.5,,,,,23.5,5.4,90,1521,3.4,90,1530,1.1,911,7.1,66,45,85.8,10.1,1008.2,1017.2,9,1008.2,1403,1011.5,12.1,0,1300,.66,3.91,,,,,,9.5,5.5,10,3.4,9.7,9.6,9.2,8.8,8.3,8.7,,,,,.4,5,
192,2011-03-21,9.2,5.9,36,14.2,1315,1.08,,,,,.2,5.8,110,1256,3.5,110,1235,1.2,1073,3.7,34,1309,72.1,8.1,1012.6,1017.6,841,1013.9,1412,1015.9,12.2,2.1,1100,2.44,11.25,,,,,,9.4,3.9,10,3.9,9.8,9.8,9.5,9.1,7.9,9,,,,,2.3,.2,
192,2011-03-22,5.5,1.3,2339,8.8,1615,,,,,,,9.2,50,1114,5.3,360,1127,2.5,2140,-11.8,16,1413,28.1,2.5,1017.6,1024.3,2321,1017.4,0,1020.9,12.2,2.4,1300,2.56,14.16,,,,,,5.3,.8,6.6,-2.3,7.6,8.2,8.7,8.9,8.1,9,,,,,3.1,,
192,2011-03-23,3.6,-2.3,355,10.2,1429,,,,,,,10,20,1544,4.9,360,1503,1.8,1573,-11.9,14,1433,34.3,2.5,1020.4,1026.2,742,1021,1654,1023.8,12.2,11.2,1200,3.34,24.04,,,,,,1,0,5.8,-6.5,6.7,7.2,7.7,8,8,9.2,,,,,3.9,,
192,2011-03-24,6.4,-2.4,639,12.4,1304,.58,,,,,0,12.6,250,2142,6.6,250,2144,2,1696,-6,17,1211,45,4,1018.9,1025.7,714,1019.3,2326,1022.3,12.3,8.3,1200,3.09,19.59,,,,,,5.9,2.3,8.4,-5.2,8.1,8.1,8.1,8.1,7.8,9.3,,,,,3.8,.1,
192,2011-03-25,4.7,.9,341,8.4,1444,.57,,,,,.1,13.6,320,1200,6.7,320,1051,3.2,2731,-9,18,1540,40.4,3.3,1020.2,1028.2,2333,1019.6,0,1023.6,12.3,11.2,1200,3.45,24.83,,,,,,1.4,1.4,8.1,-.3,7.8,8.1,8.4,8.4,7.9,9.2,,,,,4.7,,
192,2011-03-26,4.3,-3.9,635,11.4,1448,,,,,,,6.6,250,1521,3.6,250,1522,1.5,1293,-9.5,16,1436,39.8,3,1023.4,1029.1,739,1023.9,1645,1026.9,12.3,11.2,1200,3.32,24.02,,,,,,.4,.4,7.9,-6.7,7.7,7.9,8.1,8.2,8.6,9.3,,,,,3.7,,
192,2011-03-27,5.6,-4.3,550,12.9,1355,,,,,,,7.4,200,1527,4.6,110,1432,1.3,1092,-7.1,17,1232,44.6,3.7,1022.6,1028.3,801,1023.3,1656,1026,12.4,9,1200,3.11,20.59,,,,,,2.5,2.5,7.4,-7.1,7.8,7.9,8.2,8.3,9,9.5,,,,,3.5,,
192,2011-03-28,7.2,.3,611,15.3,1506,,,,,,,8.1,230,1203,5.2,250,1221,1.2,1014,-5.6,14,1713,45.5,4.2,1020.5,1025.4,0,1021.5,1619,1023.8,12.4,9,1100,3.04,19.44,,,,,,1.4,.9,10.2,-2.5,9.1,9.2,9,8.8,9.1,9.5,,,,,3.4,,
192,2011-03-29,5.3,-2.7,552,12.7,1532,,,,,,,7.1,340,1759,4.1,360,1808,1,889,-7.2,13,1745,46,3.7,1020.4,1026.3,912,1021.2,1715,1024,12.4,6,1200,2.5,16.26,,,,,,2.3,.5,8,-3.7,7.6,8,8.4,8.6,9.1,9.4,,,,,3,,
192,2011-03-30,7.8,-2.7,636,18.3,1612,,,,,,,7.2,290,1732,4.2,140,1312,1.4,1211,-5.1,13,1702,47.4,4.2,1018.3,1024.9,658,1018.7,1705,1022,12.5,11.2,1200,3.18,23.35,,,,,,0,0,10.2,-4.8,8.9,9,8.8,8.7,9.1,9.4,,,,,4.2,,
192,2011-03-31,10.1,-1.5,608,21.5,1401,,,,,,,6.8,180,1616,3.6,250,1549,1.1,929,-5.3,10,1438,42.1,4.2,1018.3,1024.4,906,1019.4,1542,1022,12.5,11.3,1200,3.37,24.3,,,,,,0,0,12.2,-4.4,10.7,10.5,9.8,9.4,9.1,9.4,,,,,5.2,,
192,2011-04-01,11.1,-.8,626,21.8,1348,,,,,,,9.5,140,1331,4.1,110,1345,1.1,982,-3.4,13,1302,43.4,4.8,1016.8,1023.2,824,1017.2,1628,1020.5,12.6,11.2,1200,3.23,24.03,,,,,,1.4,0,13.2,-3.5,11.5,11.2,10.5,10,9.4,9.6,,,,4.8,5.5,,
192,2011-04-02,11.5,7.4,558,18.4,1241,.08,0,,0,,0,7,200,1359,4.4,200,1408,1.5,1291,-.6,13,1007,46.8,6,1016,1021.2,843,1017.4,1536,1019.6,12.6,6.3,1100,2.58,17.95,,,,,,8.4,2,14.3,5.9,12.7,12.5,11.7,11.1,10,9.7,,,,2,3.6,5,
192,2011-04-03,6.3,1.9,2355,9.4,1530,10.63,.5,213,1.5,420,5.5,4.1,340,1310,2.3,360,1133,1.1,920,3.8,62,0,84.8,8.1,1017.9,1023.7,2340,1020.3,1642,1021.7,12.6,0,1200,.8,4.73,,,,,,7.5,5.3,9.3,-.5,9.7,10.2,10.8,10.9,10.5,9.9,,,,.5,.7,.5,
192,2011-04-04,7.3,-1.1,618,16.1,1445,,,,,,,7.3,70,1423,4.5,90,1506,1.4,1201,-2.2,17,1654,59.3,5.3,1021.3,1027.2,2317,1022.6,1602,1025,12.7,11.7,1200,3.46,25.76,,,,,,.3,.1,11.2,-2.8,10.1,10.3,10.2,10.1,10.4,10.3,,,,3.4,4.5,,
192,2011-04-05,8.6,-1.8,614,20.3,1530,,,,,,,6.3,110,1245,3.7,110,1232,1.3,1154,-1.6,13,1456,57.9,5.6,1022.8,1028.6,633,1023.5,1635,1026.5,12.7,11.6,1200,3.44,25.48,,,,,,0,0,12.4,-3.9,11,11.1,10.7,10.5,10.4,10.3,,,,3.6,4.5,,
192,2011-04-06,11,1.9,322,18.9,1138,1.67,2,2317,5.5,2240,5.5,8.5,230,1452,4.1,270,1342,1.4,1191,3.7,29,1201,66.6,8.2,1021,1027.1,641,1022.3,1818,1024.7,12.7,8,1100,3.29,22.17,,,,,,5.3,1.6,13.8,.9,12.4,12.1,11.6,11.1,10.5,10.4,,,,2.7,3.9,22.5,.42
192,2011-04-07,13,10.4,351,14.7,1248,24,3.5,30,7,0,40.5,8.6,270,1854,3.5,290,2006,1.3,1120,11.7,87,1229,92,13.8,1015.2,1023.3,14,1015.7,2355,1018.9,12.8,0,1400,.51,3.32,,,,,,10,7.3,13.2,10.1,12.7,12.7,12.3,11.8,11,10.5,,,,.2,.3,30.5,
192,2011-04-08,13.5,8.7,2356,20.7,1426,4.83,1,44,3,34,7,8.2,70,1040,3.9,180,1516,1.5,1262,8,30,1435,71.8,10.8,1014.4,1021,2359,1015.3,225,1018,12.8,5.7,1200,3.06,19.37,,,,,,5.4,3.1,15.3,5.8,15,14.9,13.7,12.7,11.5,10.8,,,,2.8,3.6,,
192,2011-04-09,12.1,5.1,629,20.8,1502,,,,,,,7.8,340,1614,3.4,360,1535,1.1,980,.6,14,1527,55.1,6.7,1017.2,1023.2,743,1018.2,1629,1020.9,12.8,10.6,1200,3.26,24.07,,,,,,1.3,1.3,15.1,3.3,14.4,14.2,13.7,13.2,12,11,,,,3.3,4.8,,3.17
192,2011-04-10,13.3,2.1,609,22.5,1258,,,,,,,12,90,1219,4.3,250,1727,1.6,1345,-.6,16,1300,45,5.9,1013.5,1021.8,5,1013.3,1724,1017.1,12.9,9.7,1200,3.07,22.66,,,,,,2.3,0,14.1,.1,13.6,13.5,13.3,13,12.6,11.3,,,,4,5,2.5,
192,2011-04-11,11.8,5.5,2341,17.4,1453,1.58,1,443,2.5,421,2.5,9.5,360,422,5.2,360,1322,2.3,1947,-2.6,12,1658,41.8,5.4,1012.2,1019.2,2341,1013,306,1015.9,12.9,10.7,1200,3.46,25.51,,,,,,2.8,1.6,14.7,1.3,13.9,14,13.8,13.5,12.6,11.6,,,,4.3,5.5,,
192,2011-04-12,10,.1,624,19.2,1557,,,,,,,9.2,230,1153,4.3,110,1431,1.4,1227,-3.5,12,1301,46,4.9,1015.4,1021.7,920,1016.5,1712,1019.1,12.9,11.4,1200,3.52,26.7,,,,,,0,0,13.3,-2.2,12.6,12.7,12.9,12.9,12.7,11.8,,,,3.8,5.3,,
192,2011-04-13,11.3,-.1,608,21,1336,,,,,,,7.4,230,1430,3.7,200,1434,1.1,968,-1.3,13,1224,51.5,5.7,1013.5,1019.7,708,1014.4,1605,1017.1,13,11.1,1200,3.54,25.78,,,,,,0,0,14.1,-1.9,13.3,13.4,13.2,13,12.7,11.9,,,,3.6,5.1,,
192,2011-04-14,12.4,1.5,617,20.7,1353,,,,,,,9.8,270,1355,4.5,180,1407,1.4,1244,1.4,15,1334,54.1,7.1,1008.8,1016.3,13,1009.2,1608,1012.4,13,11,1200,3.41,25.36,,,,,,3.5,1.3,15,-.7,14,13.8,13.6,13.2,12.8,12,,,,3.9,5.7,,
192,2011-04-15,17.5,11.9,623,23.9,1437,,,,,,,7.5,180,1719,4.9,200,2017,1.8,1595,11.3,46,1237,69,13.4,1002.5,1010.6,8,1002.9,1553,1006,13.1,9.7,1000,2.75,20.78,,,,,,4.1,1,18.6,9.4,17.6,17,15.5,14.4,13,12.1,,,,3.4,4.7,,
192,2011-04-16,13.4,9.7,2030,20.2,1310,,,,,,,8.3,290,1639,3.7,180,1401,1.9,1615,2.9,18,1249,53,7.8,1010.1,1017.6,2348,1006.8,0,1013.7,13.1,10.8,1200,3.41,24.57,,,,,,3.1,0,17.3,6.7,16.1,16.2,15.7,15,13.6,12.5,,,,3.9,5.6,,
192,2011-04-17,12,5.5,557,19.8,1544,,,,,,,7.1,90,1355,4.1,90,1259,1.8,1575,-.5,15,1616,47.3,6,1008.1,1017.5,0,1007.4,1749,1011.7,13.1,11.4,1200,3.57,26.37,,,,,,2.9,.5,17.6,2.6,15.6,15.9,15.6,15,14,12.5,,,,4.2,5.5,,
192,2011-04-18,9.3,5.2,2350,13.7,1140,,,,,,,10.9,270,1252,7.1,250,1335,2,1690,.2,32,1225,55.3,6.3,1002.2,1008.5,2359,1004.3,436,1005.8,13.2,4.8,1100,3.16,17.37,,,,,,6.3,5.5,13.7,3.7,13.8,14,14.4,14.5,14.1,12.7,,,,2.8,3.9,,
192,2011-04-19,10.8,4.4,151,17.4,1528,,,,,,,12.8,360,1226,5.6,360,1217,2.2,1913,-1.6,20,1317,46.1,5.5,1009.1,1018.2,2354,1008.3,337,1012.8,13.2,8.9,1400,3.12,23.48,,,,,,3.1,3,15.7,2.7,14.3,14,13.8,13.8,13.8,12.9,,,,3.4,4.8,,
192,2011-04-20,10.8,2.5,548,17.7,1502,,,,,,,9.5,180,1424,4.8,110,1243,1.4,1232,4.2,44,1337,66.1,8.3,1016.1,1021.7,822,1018.2,0,1019.8,13.2,10.7,1200,3.43,25.7,,,,,,.8,.4,16.5,.5,14.8,14.7,14.3,14,13.7,12.9,,,,3.2,4.6,,
192,2011-04-21,12.7,4.3,515,19.4,1411,,,,,,,8.4,180,1325,4,180,1351,1.4,1174,4.2,25,1322,61,8.3,1014.8,1020.6,753,1016.4,2356,1018.4,13.3,6.8,1200,3.46,22.1,,,,,,7.9,1.5,16.4,2.5,15.2,15.5,14.8,14.4,13.7,13,,,,4.2,5.4,18.5,
192,2011-04-22,13.8,11.2,2214,15.9,1727,12.9,3.5,1215,9.5,1125,42,7.9,180,1125,3.7,180,1124,1.3,1126,11.6,69,2352,86.9,13.8,1005,1016.4,0,1004.7,1532,1008.6,13.3,.2,1700,.6,3.69,,,,,,9.1,7.3,14.2,9.2,14.3,14.6,14.8,14.6,14.1,13.1,,,,.2,.3,23.5,
192,2011-04-23,12.1,6.5,2356,16.9,1606,,,,,,,9.7,340,1423,4.7,320,1514,2.2,1874,-.2,24,1233,47.1,6.2,1005.6,1011,2341,1007.8,202,1009.3,13.3,9.4,1200,3.57,24.64,,,,,,2.9,2.6,14.8,4.3,14.9,14.6,14.5,14.3,14.1,13.3,,,,4,5.5,,
192,2011-04-24,11.3,2.6,519,17.6,1437,,,,,,,13.3,250,1312,6.6,250,1257,2.3,2025,-.9,22,1248,48.9,5.8,1006.6,1011.8,744,1007.7,1623,1010.2,13.4,10.4,1200,3.72,26.96,,,,,,1.8,1.5,14.4,1.5,14.1,13.9,14.1,14.1,14,13.5,,,,4.6,6,,
192,2011-04-25,12.9,3,550,19.2,1452,,,,,,,10.5,110,1509,6.3,110,1549,2.2,1914,2,31,1252,50.3,7.1,1007.8,1013,952,1008.9,1706,1011.4,13.4,9,1200,3.4,25.77,,,,,,3.9,2.4,16.4,1.6,15.2,14.9,14.5,14.3,13.8,13.3,,,,3.9,5,5,
192,2011-04-26,14,9.5,144,19.1,1341,10.65,2,123,4,43,7.5,5.5,250,1539,2.5,270,1033,1,887,11.8,48,7,87.5,14,1001,1012.9,122,1001.2,1504,1004.6,13.4,0,1300,1.09,4.52,,,,,,10,6,14.6,9.2,14.3,14.5,14.5,14.5,14.1,13.3,,,,.7,1,3.5,
192,2011-04-27,14.8,7.1,2359,22,1434,.75,1,15,1,13,1,10.1,270,1436,5.8,250,1430,1.8,1561,7,23,1438,65.1,10.5,998.1,1004.9,2358,999,1421,1001.7,13.5,4.9,1300,3,18.06,,,,,,5.4,2.5,16.8,5.5,16.2,16.1,15.4,14.9,14.3,13.4,,,,3.1,4.3,,2.05
192,2011-04-28,10.7,3,422,18.4,1531,,,,,,,9.3,320,1018,4.7,320,1013,1.7,1474,-1.3,20,1733,49,5.6,1005.3,1013.5,2354,1004.8,215,1008.9,13.5,10.3,1300,3.25,25.66,,,,,,1.4,1.4,13.8,1.5,14.4,14.5,14.7,14.6,14.2,13.9,,,,4.2,5.4,,
192,2011-04-29,12.6,2.5,543,19.5,1351,,,,,,,7.7,160,1635,3.7,200,1447,1.5,1317,3.6,22,1448,59,8.3,1010.6,1016.2,919,1012.4,2356,1014.2,13.5,8.8,1100,3.41,23.95,,,,,,4.4,.9,16,1.3,15.2,14.9,14.6,14.5,14.4,13.9,,,,3.1,4,2,
192,2011-04-30,18.8,15.8,133,24.1,1548,12.17,4.5,2110,18.5,2051,38,12.5,230,1555,6.5,250,1606,2.1,1780,15.1,48,1551,80.3,17.2,1003.1,1012.5,4,1001.7,2400,1006.6,13.6,.1,1300,1.81,9.18,,,,,,10,6.1,18.6,15,17.6,17.3,16.2,15.5,14.6,13.8,,,,2,2.8,36.5,
192,2011-05-01,18.2,13.2,2357,22.5,1346,1.18,.2,0,1.8,-2330,.5,9.8,250,958,5.5,270,959,2,1724,5.8,20,1002,50.1,10.1,1002.2,1013.4,2325,999.9,327,1005.7,13.6,10,1200,3.37,25.24,,,,,,3.1,1.5,20.6,11.1,19.5,19.1,17.8,16.8,15.3,14.1,,,,4.3,5.8,,
192,2011-05-02,15.9,10.1,502,23.9,1612,,,,,,,6.9,180,1641,3.8,200,1643,1.3,1158,5.3,22,1552,52.6,8.9,1009.6,1014.7,808,1010.9,1611,1013.2,13.6,7.9,1200,3.42,23.63,,,,,,4.8,.9,19.3,9.3,17.9,17.9,17.5,16.9,15.8,14.5,,,,4.3,5.8,,
192,2011-05-03,16.3,10.7,2351,23.2,1341,,,,,,,8,110,1222,3.8,110,1227,1.2,1068,6.9,26,1856,57.6,10,1008.6,1014,2344,1009.7,1637,1012.1,13.7,5.8,1200,3.11,19.64,,,,,,6.5,1.3,18.3,9.4,17.7,18.1,17.8,17.2,16,14.6,,,,3.8,5,,
192,2011-05-04,14.7,6.6,602,22.7,1259,,,,,,,7.5,140,1306,3.4,140,1308,1.2,1018,3.9,23,1703,54.3,8.2,1011.7,1016.8,2218,1013.9,0,1015.3,13.7,9.7,1200,3.2,24.2,,,,,,5.1,0,18.1,6.8,17.6,17.6,17.3,17,16.3,14.7,,,,3.6,5.1,,
192,2011-05-05,14.7,6.7,543,22.8,1554,,,,,,,8.5,110,1319,4.4,140,1327,1.5,1279,2.8,17,1342,51.3,7.6,1013,1018.1,2221,1014.6,1643,1016.6,13.7,11.9,1200,3.58,28.13,,,,,,.5,0,19.8,6.6,18.3,18.5,17.8,17.3,16.4,14.9,,,,4.5,6,,
192,2011-05-06,13,6.3,348,16.7,1036,8.53,.5,1806,.5,1716,2.5,4.3,340,1605,2.4,320,1617,.8,665,8.7,46,1013,77,11.5,1009.2,1017.8,0,1009.3,2348,1012.8,13.7,0,900,1.5,7.35,,,,,,8.8,4.3,14.8,5,15.1,15.4,16.2,16.6,16.5,15.5,,,,1.8,2.5,5.5,1.75
192,2011-05-07,19.6,14.1,8,25.9,1502,4.33,1,152,1.7,117,3,7.2,250,1328,3.9,140,1434,1.5,1260,15.6,53,1620,79.6,17.8,1005.1,1011,2327,1006.3,1539,1008.6,13.8,6.7,1400,2.81,20.79,,,,,,5.4,3.6,21.9,14.4,20,19.7,18.1,17.2,16.2,15.3,,,,3.2,4.2,,3.95
192,2011-05-08,19.5,15.4,2258,26.9,1348,,,,,,,6.7,250,1455,3.8,200,2259,1.4,1178,14.5,31,1356,75.5,16.5,1009.9,1016,2348,1010.9,0,1013.4,13.8,6.5,1100,3.3,20.41,,,,,,5,2.8,21.3,13.9,20.9,20.7,19.7,18.6,16.9,15.3,,,,3.5,4.5,0,.87
192,2011-05-09,18.4,15.3,11,21.1,2239,11.07,1,1708,1.5,1708,3,7.3,230,2251,3.1,270,2045,1.3,1116,17.1,89,516,92,19.6,1008,1015.8,0,1008.6,1648,1011.5,13.8,0,1200,.79,5.07,,,,,,9.9,6.3,19.5,15.5,19.1,19.2,18.9,18.5,17.4,15.4,,,,.7,1,36,.3
192,2011-05-10,22.2,18.9,2356,25,858,7.5,5.5,12,13,11,34,7.9,250,1020,3.9,270,1017,1.8,1538,19.8,75,1526,86.6,23.1,1001.9,1009.1,0,1003.8,1617,1005.3,13.9,1.8,800,2.26,15.88,,,,,,9.5,6.6,24.9,18.9,23.2,22.2,20.5,19.3,17.8,16.1,,,,2.4,3.1,12.5,
192,2011-05-11,15.2,13.5,2352,18.9,1,24,6,1513,26,1447,118,4.7,20,1951,2.9,90,314,1.3,1111,14.1,91,1910,93.5,16.1,1001.1,1006,2056,1003.7,1621,1004.7,13.9,0,1300,.21,1.45,,,,,,10,7.9,17,14,17.2,18,18.7,18.8,18.4,16.1,,,,.2,.3,111,
192,2011-05-12,16.5,10.6,2400,23.5,1735,7.83,.5,0,1,45,4.5,5.4,20,2209,2.8,360,2204,1,905,12.5,19,2159,78.4,14.8,999.4,1006.2,2247,999.7,1551,1003,13.9,2.4,1100,2.14,14.74,,,,,,7.3,5.5,18.7,8.2,18.2,18.3,17.9,17.6,17.6,17.1,,,,2,2.8,,
192,2011-05-13,17.4,7.6,444,24,1453,,,,,,,13.1,250,1844,6.9,270,1815,3,2615,1.4,15,1623,40.6,7,1002.6,1008.3,2238,1003.7,1508,1006.1,14,11.8,1200,3.54,27.88,,,,,,1.8,.3,18.7,6.7,18.6,18.3,18.1,18.1,18,17.3,,,,6.2,8,,
192,2011-05-14,16.9,7.4,540,26.2,1514,,,,,,,8.3,230,26,5.1,230,9,1.7,1495,1.7,12,1334,43.9,7.1,1007.8,1015.5,2301,1008.1,12,1011.3,14,12.1,1300,3.52,28.48,,,,,,.8,0,19.5,7.5,19.1,18.8,18.4,18.2,18,17.5,,,,5.5,7,,
192,2011-05-15,17.1,5.7,531,25.8,1358,,,,,,,7.6,160,1319,4.5,110,1326,1.4,1212,5.1,17,1131,50.8,8.9,1011.3,1016.5,816,1012.6,1508,1014.9,14,9,1100,3.48,25.51,,,,,,5.4,0,20.1,5.2,19.4,19.2,18.7,18.5,18,17.3,,,,5.2,6.7,,
192,2011-05-16,18.6,12.4,550,24.6,1552,,,,,,,5.9,180,319,3.8,180,339,1.5,1272,9,28,1216,57,11.5,1009.3,1015.1,0,1010.7,1624,1012.8,14,5.5,1000,2.91,20.46,,,,,,5.5,.8,21,10.8,20.4,20.1,19.5,19.1,18.1,17.2,,,,2.9,4.2,,
192,2011-05-17,16.8,7.7,536,25.4,1426,,,,,,,7.1,180,1649,3.8,230,1526,1.1,965,5.9,20,1051,55.5,9.4,1008.6,1013.6,847,1009.8,1539,1012.1,14.1,12.1,1200,3.64,28.48,,,,,,.4,.3,22.1,6.8,20.9,20.9,20,19.4,18.7,17.2,,,,4.7,6.2,,
192,2011-05-18,16.8,8.9,508,23.4,1343,,,,,,,8.1,200,1406,4,200,1451,1.5,1271,11.6,48,1032,73.3,13.8,1011.4,1016.4,2239,1013.3,209,1015,14.1,10.8,1200,3.47,26.84,,,,,,1.6,.9,22.6,8.1,21.2,21.3,20.4,19.8,18.7,17.5,,,,4.3,5.5,,
192,2011-05-19,19.1,11.8,513,24.3,1323,,,,,,,9.1,200,1403,3.8,180,1517,1.6,1353,13.8,49,1325,72.9,15.9,1011.6,1016.4,726,1012.9,1639,1015.2,14.1,7.6,1200,2.98,23.75,,,,,,4.4,3.9,24,10.7,22.1,22,20.9,20.2,18.8,17.6,,,,3.7,4.8,1,
192,2011-05-20,20.5,19,2356,23.6,1712,5.92,.5,815,.6,725,1.5,6.4,140,1131,3.3,180,1556,1.5,1261,18.1,73,1714,86.8,20.8,1008.8,1014.8,0,1010.4,1820,1012.3,14.1,2.1,1500,2.06,11.61,,,,,,7.9,5.9,22.7,18.4,21.6,21.6,21,20.5,19.1,17.5,,,,1.3,1.9,.5,
192,2011-05-21,22.1,18.5,113,27.3,1234,,,,,,,10.6,290,1034,3.7,200,1433,1.5,1288,16.9,50,1128,73.9,19.3,1006.6,1012.5,25,1007.8,1708,1010,14.2,5.3,1200,2.92,20.32,,,,,,6.5,5.3,26.2,16.8,24.1,23.8,22.2,21.1,19.7,17.8,,,,3.5,4.7,6,
192,2011-05-22,17.9,14.8,519,23.5,1554,6.6,1.5,215,3.5,205,6,6.1,90,1142,3.7,90,1203,1.6,1383,12.3,40,1501,72.3,14.4,1010.7,1015.8,2029,1011.2,7,1014.3,14.2,4.4,1200,3.48,20.37,,,,,,9,5.1,22.5,14.8,21.5,22.2,21.9,21.4,20,18.2,,,,3.4,4.3,2.5,
192,2011-05-23,13.6,10.9,2326,16.6,1,17.6,.5,119,2,1206,10,5,20,1823,2.6,20,1829,1.1,913,11.3,74,104,86.4,13.4,1012.7,1018.3,1110,1014.3,1556,1016.3,14.2,.2,1500,.57,4.98,,,,,,7.8,5,16.9,10.4,17.5,18.3,19.6,20.2,20.1,18.2,,,,1.7,2.2,7.5,
192,2011-05-24,17.6,7.9,514,26,1720,,,,,,,7.7,90,1221,4.3,70,1156,1.4,1235,8.4,27,1632,61.4,11.2,1012.1,1017.2,815,1013.6,1508,1015.6,14.2,9.8,1300,3.46,26.51,,,,,,5.5,.6,20.7,8.3,19.4,19.5,19.2,19.2,19.4,18.3,,,,3.9,5.5,,
192,2011-05-25,18.4,10.1,532,24.6,1517,,,,,,,7,110,1249,4.7,110,1255,1.3,1162,11.2,43,1037,65.6,13.4,1012.4,1016.7,1005,1014.4,1540,1015.9,14.2,3.1,1200,2.41,18.7,,,,,,8.1,3.5,20.6,9,20.2,20.3,20,19.8,19.7,18.3,,,,2.9,3.9,2,
192,2011-05-26,15.1,14.2,2257,18.9,3,18.08,1.5,1135,4,1114,14.5,6.6,110,120,3.1,90,120,1.3,1100,12.7,60,138,86.4,14.7,1010.7,1016,0,1013.1,303,1014.3,14.2,0,900,.4,2.56,,,,,,10,6.8,17.1,14.7,17.5,18.1,19,19.4,19.5,18.4,,,,1,1.3,12.6,
192,2011-05-27,16.2,14,33,18.1,1540,2.17,.5,1118,.9,1049,1,4.3,50,1254,2.6,20,1257,1,825,14,79,1033,87.3,16,1009.6,1014.6,2148,1012.3,1500,1013.2,14.3,0,1200,.84,5.92,,,,,,10,5.3,18.4,14.5,17.7,18.1,18.3,18.5,19,18.3,,,,1,1.3,.9,
192,2011-05-28,18.6,13.8,510,24.7,1345,,,,,,,6.8,110,1314,4.2,110,1358,1.4,1248,12.9,44,1818,71.9,14.9,1009.1,1014.2,202,1011,1615,1012.6,14.3,5.3,1200,3.33,21.88,,,,,,9,3.1,22,13.2,20.5,20.7,19.8,19.2,18.8,18.1,,,,3.1,4.5,,
192,2011-05-29,19.9,14,308,26.7,1533,,,,,,,9.6,360,919,4.6,360,1320,2.1,1793,10.1,30,1559,57.8,12.5,1006.4,1011.9,2251,1008.8,1555,1009.9,14.3,9.6,1200,3.7,27.51,,,,,,3,1,22.2,12.8,20.8,21.4,20.8,20.1,19.3,18.2,,,,4.9,6.5,,
192,2011-05-30,18.1,13.2,514,23.7,1230,,,,,,,5.7,250,1316,3.7,180,1414,1.2,1054,14,57,1225,78.4,16,1008.6,1014.2,1021,1010.7,1759,1012.2,14.3,3.3,1200,3.31,18.44,,,,,,7.1,3.1,21.9,12.2,20.9,21.2,20.8,20.4,19.5,18.5,,,,3,3.9,.1,
192,2011-05-31,16.2,15.1,633,18.2,1559,1.47,.1,,.1,,.1,4.9,70,506,2.7,90,506,1.2,1029,13.8,76,1459,86.1,15.8,1007.2,1012.5,33,1008.9,1717,1010.8,14.4,0,1500,.63,3.92,,,,,,10,5.8,18.6,15.7,18.6,19.2,19.9,20.2,19.6,18.4,,,,.6,.8,0,
192,2011-06-01,18.8,13.7,534,23.9,1534,.27,0,,0,,0,6.4,230,1721,3.5,250,1212,1.4,1186,14.7,56,1535,78.4,16.7,1006.9,1012.2,2400,1008.6,1531,1010.4,14.4,4.4,1300,3.17,20.16,,,,,,7.3,6.3,22.5,14.2,21.1,21.2,20.2,19.8,19.5,18.3,,,,2.9,4.1,,
192,2011-06-02,20.1,17,607,26,1250,,,,,,,6.7,180,1649,3.7,250,1532,1.4,1204,14.8,44,1251,73.4,16.8,1008.9,1014,2321,1010.8,1540,1012.4,14.4,6.7,1200,3.75,24.76,,,,,,5.9,4.1,25.4,16.6,23.4,23.5,22,21,20,18.4,,,,4.1,5.5,,
192,2011-06-03,20.7,17.1,223,25.1,1422,,,,,,,7.3,110,1223,4.5,110,1228,1.7,1444,14.8,48,1302,70.6,16.9,1007.3,1013.9,0,1008.4,1640,1010.7,14.4,9.6,1200,3.64,27.85,,,,,,2.8,2.1,26,17.2,24.1,24.4,22.9,21.8,20.5,19,,,,4.8,6.1,,
192,2011-06-04,21.7,16.6,600,28,1437,,,,,,,8.1,250,1744,3.7,250,1108,1.9,1600,15.5,42,1125,69.8,17.6,1005.6,1010.2,832,1006.8,1539,1009,14.4,9.4,1300,2.95,23.82,,,,,,3.9,.5,26.2,15.2,24.4,24.6,23.4,22.5,20.6,19,,,,4.4,5.6,,
192,2011-06-05,22.2,16.2,448,30.9,1559,,,,,,,10.5,320,1117,3.5,200,1625,1.1,971,13.8,21,1545,64.5,16,1004.1,1009.4,23,1005.2,1542,1007.5,14.4,9.9,1300,3.36,26.21,,,,,,3.8,.3,27.9,15.9,25.5,25.7,24.1,23,21,19,,,,4.6,6.6,,
192,2011-06-06,21.3,14.6,535,27.6,1205,,,,,,,6.3,160,1603,3.5,180,1607,1.3,1098,13.9,34,1114,65.8,15.9,1004.1,1009.5,636,1005.5,1740,1007.5,14.4,6.2,1100,2.61,21.5,,,,,,7,1.1,25.5,13.6,24.3,24.4,23.8,23.1,21.5,19.2,,,,3.9,5.2,,
192,2011-06-07,22.2,14.9,523,30.6,1543,,,,,,,5.2,140,1719,3,180,1720,1.1,989,13.5,20,1412,63.8,15.7,999.7,1005.9,0,1000.7,1547,1003.2,14.5,8.6,1100,3.47,26.88,,,,,,2.9,.8,28.6,14,26.6,26.4,24.6,23.3,21.6,19.6,,,,5.1,6.6,,
192,2011-06-08,22.4,15.9,427,28.8,1358,,,,,,,8.4,230,1732,3.2,230,1331,1.2,1078,13.9,31,1318,61.6,15.9,1001.1,1005.8,2254,1003.1,1551,1004.6,14.5,10.6,1200,3.16,24.77,,,,,,.6,0,28.1,13.4,26.4,26.3,25,23.8,21.8,19.7,,,,5.5,7.1,,
192,2011-06-09,21.2,17.1,505,25,1204,,,,,,,6.6,180,857,3.8,110,1228,1.6,1352,16,59,36,73.4,18.3,1002.1,1006.8,931,1003.6,223,1005.6,14.5,1.4,1100,2.45,15.37,,,,,,7.4,1.4,25,14.9,24.5,24.7,24.3,23.6,22.2,19.8,,,,2.4,3.4,,
192,2011-06-10,21,18.4,2355,24.3,1332,9.12,1,2006,3,1934,9.5,4.6,110,1401,2.8,110,1739,1.1,962,18.4,69,1330,85.8,21.2,1001.3,1007.5,834,1002.4,1705,1004.8,14.5,0,1300,1.27,4.98,,,,,,9.9,4.9,22.9,17.8,22.8,23.3,23.2,23,22.3,20,,,,1,1.4,11,
192,2011-06-11,22,16.4,503,29.9,1423,2.25,.5,4,1,0,1.5,7.6,160,1712,3.4,180,1707,1.2,1020,15.6,33,1418,70,17.8,1001,1007.1,2240,1002.6,309,1004.5,14.5,7.9,1000,3.07,24.2,,,,,,5.6,1.1,25.8,14.5,24.7,24.4,23.4,22.7,21.9,20.5,,,,4.1,5.2,,
192,2011-06-12,21.4,17.9,241,26.8,1252,,,,,,,5,160,1845,2.8,160,1753,1.1,922,16.5,38,1254,75.9,18.8,1001.7,1006.9,634,1003.7,1714,1005.1,14.5,5.2,1200,3.12,18.35,,,,,,6.3,3.6,24.8,17.2,23.6,24,23.6,23.1,22.2,20.2,,,,3.5,4.5,,
192,2011-06-13,22.5,18.5,509,28.3,1355,,,,,,,5.8,230,1526,3.3,250,1528,1.5,1254,16.1,37,1356,70,18.4,1001.9,1008.7,2246,1003.8,208,1005.3,14.5,8.5,1300,3.44,25.58,,,,,,3.9,3.3,27.4,16.6,26.1,26.3,24.8,23.6,22.2,20.3,,,,4.1,5.9,,
192,2011-06-14,21.2,17.5,337,26.8,1309,,,,,,,6.4,290,1559,3.7,270,1523,1,888,16,47,1312,73.9,18.2,1005.9,1010.4,842,1008.2,1501,1009.4,14.5,1,1100,2.42,17.66,,,,,,7.3,.6,25.6,15.8,24.4,24.8,24.5,23.9,22.7,20.4,,,,3,4.1,,
192,2011-06-15,20.6,16.4,304,26.1,1437,,,,,,,6.1,140,1738,3.8,110,1920,1.3,1089,15.3,51,1439,73.3,17.3,1006,1010.5,846,1008.5,1528,1009.5,14.5,.5,1400,1.99,15.04,,,,,,8.3,0,25,15.3,23.5,23.9,23.7,23.4,22.5,20.8,,,,3,3.9,,
192,2011-06-16,22.3,17.4,2400,28.5,1530,,,,,,,10.9,90,1527,3.8,110,1436,1.6,1386,14.4,36,1531,63.5,16.4,1004.3,1009.7,2312,1005.6,1525,1007.8,14.5,5.1,1000,2.78,19.56,,,,,,6.1,1.9,25.9,15.1,24.2,24.6,24.1,23.4,22.4,20.8,,,,4.4,5.7,,
192,2011-06-17,21.5,15,352,28,1328,,,,,,,5.6,200,1521,3.2,200,1526,1.2,1061,14.5,39,1047,67.1,16.6,1006,1011.3,735,1008.1,1805,1009.5,14.5,6.7,1100,3.23,23.36,,,,,,6,1,27.6,12.9,25.4,25.2,24.3,23.5,22.5,20.8,,,,3.9,5.6,,
192,2011-06-18,22.3,18.6,511,27.8,1147,,,,,,,8.5,200,1303,3.2,200,1329,1.4,1234,16.2,45,1148,70.4,18.4,1003.7,1009.3,0,1005.3,1517,1007.2,14.5,2.8,1100,2.85,17.08,,,,,,8.6,5.1,27.9,18.1,25.6,25.4,24.7,24,22.8,20.8,,,,3.2,4.4,,
192,2011-06-19,22.5,17.4,435,28.8,1629,,,,,,,5.8,200,1732,3.1,70,1045,1.3,1137,14.8,36,1111,65.4,16.9,1004.4,1009.1,2207,1006.6,1700,1007.9,14.5,10,1100,3.19,25.07,,,,,,5.6,.3,29.1,15.9,26.3,26.6,25.3,24.2,22.8,21,,,,5.1,6.5,,
192,2011-06-20,22.7,16.6,504,29.8,1235,,,,,,,7.9,180,1512,4.1,180,1519,1.3,1136,16,41,1228,68.5,18.1,1004.7,1010.1,2147,1006.5,1455,1008.1,14.5,7.9,1100,3.25,24.24,,,,,,4.6,3.4,29.8,15.2,27.4,27.2,25.8,24.7,23,21,,,,4.7,6,,
192,2011-06-21,24,17.6,456,30.8,1339,,,,,,,8.2,180,1905,3.8,200,1436,1.5,1259,17.3,38,1402,68.4,19.7,1006.8,1011.6,748,1008.7,1453,1010.2,14.5,8.9,1200,3.45,26.36,,,,,,5,1.3,30.8,15.8,27.8,27.7,26.1,25,23.2,21.2,,,,4.3,6.1,11,
192,2011-06-22,23.2,21.1,224,24.8,1629,15.75,7,2230,19,1150,63.5,8.8,200,1835,3.4,160,1838,1.4,1246,21.3,77,126,89.8,25.4,1004.1,1010.8,46,1004.8,1747,1007.6,14.5,0,800,1.1,6.57,,,,,,9.9,6.8,25.4,20.6,24.5,24.6,24.8,24.7,23.7,21.3,,,,.8,1.2,53,
192,2011-06-23,25.7,23.6,0,27.9,1208,5.9,.5,10,.5,0,1,8.4,200,2232,4.1,250,345,2,1751,22.1,70,1415,81.4,26.6,1000.1,1006.3,0,1002.3,1813,1003.5,14.5,1.9,1100,1.82,11.59,,,,,,9,6.9,26.1,22.9,25.4,25.5,24.8,24.4,23.5,21.8,,,,2,2.6,3.5,
192,2011-06-24,25.8,23.7,525,28.6,1132,2.07,1,500,2.5,425,3,10.2,160,1700,3.8,200,1223,2.1,1830,22.3,69,1234,81.5,26.8,1001.5,1008.3,2306,1002.1,236,1004.9,14.5,1.2,1100,2.93,14.77,,,,,,8.8,6.5,26.7,23.1,25.8,26,25.5,24.8,23.6,21.8,,,,3.7,4.7,11,
192,2011-06-25,21.1,19.2,2356,25,344,17.88,4.5,1810,13.5,1748,68,7,90,753,4.2,110,800,1.5,1290,19.5,88,349,91,22.8,1006.4,1012.1,1049,1007.9,2,1009.9,14.5,0,800,.25,1.93,,,,,,9.6,7.5,22.5,18.8,22.9,23.4,24.2,24.4,24,22,,,,.2,.3,114.5,
192,2011-06-26,21.7,18.8,156,24.7,934,14.55,6,147,16,113,75.5,11.8,110,850,5.8,140,941,2.4,2034,19.5,78,1552,87.8,22.7,999,1008.3,5,999.5,837,1002.4,14.5,0,1300,.7,2.55,,,,,,9.9,7.1,21.7,18.5,21.4,21.6,21.9,22.2,23.2,22.9,,,,.8,1.2,18,
192,2011-06-27,22.3,20.5,2143,25.4,1533,,,,,,,7.5,180,1128,3.8,180,1214,2.1,1789,18.5,66,1640,79.6,21.3,1003.5,1010.1,2220,1004.6,0,1007,14.5,3.4,1300,2.67,15.19,,,,,,5.4,4.3,24.3,18.2,23.1,23.2,22.8,22.6,23,22.8,,,,3,3.8,,
192,2011-06-28,22.6,18.8,352,28.3,1356,5.47,.5,1655,2.1,1638,4,7,180,1440,3.4,140,1236,1.1,991,19.9,58,1133,85.6,23.2,1008.1,1014,2225,1009.3,16,1011.6,14.5,4.3,1300,3.07,17.64,,,,,,7.8,5,25.3,17.3,24.6,24.7,24,23.4,22.8,22.6,,,,2.3,2.9,4,2.67
192,2011-06-29,24.9,21.6,16,28.6,1301,1.08,.5,925,.5,925,.5,8.1,180,1530,3.7,180,1524,1.7,1487,21.9,70,1302,84,26.3,1009.5,1014,945,1011.9,1709,1012.9,14.5,5.1,1400,3.16,20.01,,,,,,8,6.3,28.6,21.7,26.4,26.5,25.2,24.4,23.4,22.4,,,,2.9,4.2,.7,
192,2011-06-30,24.4,22.2,2339,28.2,1136,9.22,2,2236,3.5,1906,13,6,160,1111,3.2,200,1200,1.1,991,21.8,69,1137,86.4,26.2,1007.3,1013.3,1,1007.5,2359,1010.8,14.5,.8,1100,2.54,11.86,,,,,,9.6,6,26.1,21.9,25.7,25.9,25.5,25,24,22.7,,,,2,2.9,13.3,
192,2011-07-01,26.6,21.7,207,32.6,1415,3.75,.3,325,.3,235,.5,5.4,250,1435,3.5,270,1444,1.1,909,21.7,49,1425,77.1,26,1001.8,1007.5,0,1003.2,1706,1005.3,14.5,8.3,1100,3.4,25,,,,,,4.9,4.3,29.1,21.1,28.2,28,26.4,25.3,24.4,22.8,,,,4.3,5.5,,
192,2011-07-02,26.2,22.9,339,31.8,1207,,,,,,,8,230,1759,3.5,200,1402,1.3,1139,22.2,57,1313,79.9,26.8,999.9,1004.8,755,1001.7,1628,1003.3,14.5,5.9,1300,3.08,21.92,,,,,,6.8,4.1,29,21.8,28.2,28.4,27.4,26.4,24.9,22.9,,,,4.3,5.5,0,1.08
192,2011-07-03,24.5,23.1,510,26.7,1543,3.17,15.5,2342,42,2259,42.5,8,160,2209,3.4,160,2212,1.6,1387,22.1,77,2154,86.8,26.6,996.8,1003,0,997.8,1958,1000.2,14.5,0,1200,1.65,8.12,,,,,,9.8,5.3,26,22.7,26,26.3,26.4,26.2,25.5,23,,,,.6,.9,86,
192,2011-07-04,25.8,19.6,2359,31.7,1437,5.83,6.5,11,14,0,43.5,5.3,160,107,3.4,250,1601,1.3,1121,19.3,32,1724,71.6,22.8,997.4,1003.5,2338,998.9,114,1000.8,14.5,8.3,1300,3.45,24.96,,,,,,4.9,4.3,28.7,17.7,27.5,27.6,26.3,25.6,25.4,23.9,,,,4.2,5.6,,
192,2011-07-05,24.4,17.4,444,31.7,1331,,,,,,,6.3,180,1504,3.7,250,1520,1.2,1013,16.9,38,1352,66.4,19.3,1000.2,1004.7,821,1002.3,1722,1003.6,14.5,10.9,1200,3.49,27.63,,,,,,3.1,.4,28.2,15.6,27.3,27.3,26.6,26.2,25.8,24.1,,,,5.3,6.8,,
192,2011-07-06,21.1,20.1,1941,24.4,850,8.05,1.5,1142,4,1342,8.5,6.9,230,1052,3.2,200,1301,.8,722,19,71,850,88.5,22,998.1,1003.6,0,1000.5,1549,1001.6,14.5,.1,1200,1.36,6.21,,,,,,9.5,5.1,24.5,19.5,24.6,24.8,25.6,25.9,25.7,24,,,,1.3,1.7,25.5,
192,2011-07-07,22.9,20,344,25.7,1611,10.45,5,318,18,832,30,7.8,110,2024,3.4,180,2240,1.3,1089,21.1,81,1641,89.9,25.1,998.6,1004.2,2153,1000.5,403,1002,14.4,0,1500,.5,2.98,,,,,,10,7,23.4,19.9,23.4,23.8,24.3,24.6,25.5,23.9,,,,1.6,2.3,13,
192,2011-07-08,25.5,24.1,2302,29.5,1305,4.35,6,2305,19,2237,20,9.3,110,212,3.4,200,1452,2,1738,22.9,69,1304,86,28,1002.6,1008.2,2243,1003.4,150,1006,14.4,2.2,1200,3.06,16.1,,,,,,9.1,7.6,28.1,23.3,26.5,26.6,25.6,25,25.7,24.1,,,,1.1,1.6,96.5,
192,2011-07-09,22.7,20.7,1333,25.1,441,24,15.5,1139,44,1104,318,8.1,230,457,4.3,270,1207,1.6,1348,21.5,90,613,93.4,25.8,1006.6,1013,2158,1007,406,1010,14.4,0,1400,.09,.52,,,,,,10,8,23,20.7,22.9,23.3,23.8,23.7,25.5,24.6,,,,.9,1.2,281.5,
192,2011-07-10,24.1,21,214,28.1,1119,8.42,3.5,228,13.5,223,43,11.3,160,1351,2.9,200,1143,1.1,919,22.3,79,1124,90.1,27,1009.1,1014.6,2310,1011,1437,1012.5,14.4,.4,1100,1.88,10.27,,,,,,9.5,6.1,24.8,20.8,23.7,23.8,23.3,22.9,23.2,24.5,,,,1.5,1.9,3,
192,2011-07-11,24.4,20.5,324,30.1,1431,.27,0,,0,,0,12,160,1328,3.3,160,1255,1.2,1003,20.9,58,1432,82.1,24.8,1009.7,1014.2,0,1011.6,1612,1013.1,14.4,6.5,1300,3.45,22.25,,,,,,7.3,5.6,27.2,20.2,26.4,26.6,25.4,24.6,24,24.1,,,,3.2,4.5,8,
192,2011-07-12,24.4,21.9,418,29,1543,4.85,3,508,7.5,453,8.5,9.9,230,1752,2.7,160,1550,.8,680,22.1,66,1544,87.8,26.7,1009.1,1013.5,0,1011.3,1559,1012.6,14.4,1.4,1500,2.57,10.42,,,,,,7.5,5.4,26.5,21.5,25.7,25.9,25.7,25.4,24.8,23.8,,,,1.7,2.4,16,
192,2011-07-13,24.1,21.6,158,26.6,1610,8.17,4.5,757,15,744,24.5,5.1,160,1344,2.4,200,1646,1,827,22.7,86,1523,92,27.6,1007.4,1012.6,4,1009.7,1729,1010.8,14.4,0,1500,1.04,6.56,,,,,,8.9,6.3,25.2,21.2,25,25.3,25.4,25.3,25.4,24.5,,,,1.7,2.3,9.5,1.77
192,2011-07-14,25.9,24.4,555,28.4,1450,4.57,7.5,947,11.5,940,13,7.7,140,1251,3,160,1233,1.6,1382,23.1,71,1451,85.5,28.3,1007.4,1011.7,954,1010.1,1653,1010.9,14.3,1.3,1200,2.2,14.2,,,,,,8.6,7,27.9,22.8,26.7,26.8,26.1,25.6,25.1,24.6,,,,3.5,4.5,24,
192,2011-07-15,26.6,24,2249,30.5,1408,6.9,2.5,34,6.5,446,11.5,10.8,250,2017,3.6,180,1328,1.6,1378,23.1,64,1409,82.3,28.3,1007.3,1011.6,738,1009.8,1759,1010.7,14.3,5.9,1300,3.5,21.75,,,,,,6.3,5.3,30.2,22.7,28.2,28.3,27.1,26.4,25.7,24.4,,,,3.4,4.8,0,
192,2011-07-16,26.7,22.8,254,31.2,1335,,,,,,,7.2,250,1344,3.1,180,1350,1.2,1022,22.6,55,1344,79.8,27.4,1005.6,1011.2,0,1007.2,1733,1009,14.3,8.9,1200,3.59,25.97,,,,,,3.9,3.6,30.7,21.8,28.8,29.1,28.1,27.3,26.4,24.7,,,,4.7,6.3,,
192,2011-07-17,27.1,22.9,2400,32.8,1518,,,,,,,3.7,200,1615,2.1,140,1855,.9,756,21.7,48,1519,74.5,25.9,1003.2,1008.2,250,1004.9,1800,1006.6,14.3,7.3,1500,2.85,22.94,,,,,,3.5,2.1,30.8,21.8,29.3,29.3,28.5,27.8,27,25.2,,,,4.6,6,,
192,2011-07-18,27.4,21.7,440,32.8,1603,,,,,,,8.1,90,1638,4.2,70,1645,1.8,1575,20.7,49,1633,68.9,24.4,999.1,1006,0,999.8,2357,1002.5,14.3,9.3,1200,2.91,22.79,,,,,,2.8,2.8,30,20.4,28.9,29,28.4,28,26.9,25.2,,,,5.6,7.2,,
192,2011-07-19,28.8,25.9,34,32.9,1504,,,,,,,15.1,360,2212,5.7,360,1046,3.3,2810,19.6,44,1528,58.4,22.8,992,999.9,0,992.9,1406,995.4,14.2,9.1,1300,3.16,23.89,,,,,,5.9,5.4,31.1,23.8,28.9,29.4,28.7,28.1,27.3,25.2,,,,5.7,8.1,,
192,2011-07-20,28,23.4,2351,34.3,1605,,,,,,,9.9,50,1737,4.6,200,1822,1.9,1670,19.1,34,1659,61,22.2,997.2,1003.9,2321,997.3,0,1000.5,14.2,12.3,1200,3.49,28.04,,,,,,2.4,2,33.5,21.6,30.7,31.1,29.7,28.7,27,25.3,,,,5.8,7.7,0,
192,2011-07-21,24.2,22.4,2323,28.7,1318,1.03,0,,0,,0,6,160,1737,3.3,200,1513,1.6,1420,20.4,63,1351,79.9,24,1002.6,1008.2,2317,1003.8,0,1006,14.2,2.1,1300,3.37,17.08,,,,,,8.3,6.8,31.9,22.5,29.5,29.8,29.3,28.8,28,26,,,,3.7,4.7,.1,
192,2011-07-22,22.5,19.9,553,25.1,1506,.67,.1,,.1,,.1,4.3,200,2312,2.7,200,2302,1.4,1177,18.5,67,1348,78.8,21.3,1004.7,1008.8,908,1007.1,1657,1008.1,14.2,0,1300,1.34,8.46,,,,,,10,5.1,26.8,20.1,26.4,26.9,27.6,27.9,27.7,25.6,,,,2,2.6,,
192,2011-07-23,24.9,20.9,510,30.9,1518,3.3,4,1945,9,1919,11,5.1,250,1601,2.9,250,1627,1,890,20.8,55,1520,79.3,24.5,1004.5,1009.1,923,1006.3,1741,1008,14.2,3.9,1200,2.85,19.9,,,,,,7.6,5.5,30.2,20.3,28.2,28.7,28.1,27.6,27.2,25.7,,,,3.5,5,11,
192,2011-07-24,23.7,21.9,2350,25.5,1245,3.38,.5,1421,1,1331,1,4.9,70,1601,2.3,110,1647,.7,637,21.6,79,2304,88.8,25.9,1005.7,1010.6,2218,1007.8,247,1009.2,14.1,0,1200,.77,4.71,,,,,,9.4,6.5,25.8,21.4,26,26.4,27.1,27.3,27.4,26.3,,,,.8,1.2,1,
192,2011-07-25,24.5,20.6,550,29.5,1412,,,,,,,5.7,250,1712,3,250,1736,1,848,19.4,50,1723,75.3,22.5,1007.7,1012,2358,1009.7,1601,1011.2,14.1,9.3,1100,2.99,24.59,,,,,,3.9,2.9,28.8,20.1,27.8,27.9,27.4,27.1,27,26,,,,4.2,5.4,.2,
192,2011-07-26,25.3,22.2,437,27.7,1135,5.5,1,1330,1.8,1250,4.5,5.3,140,1316,3.1,140,1325,1.2,999,22.8,73,1001,86.6,27.9,1007.9,1012.5,304,1009.9,1715,1011.4,14.1,.3,900,1.36,7.24,,,,,,9.8,6.6,26.1,22,26.2,26.6,27.1,27.2,26.9,25.9,,,,3.5,4.5,32.8,
192,2011-07-27,26.8,23.3,346,29.1,1644,6.98,12,343,27.5,305,29,13.7,250,343,7.5,250,346,1.8,1529,23.9,73,1645,84.5,29.6,1008.1,1012.4,1027,1009.7,427,1011.5,14.1,1.3,1000,2.14,10.88,,,,,,9.1,6.9,27.3,22.6,26.9,27.2,27.1,26.9,27,25.7,,,,2.8,4,14,
192,2011-07-28,27,25.1,857,31.2,1246,1.63,8.5,843,15,815,17,11.1,160,1826,4,250,1152,1.5,1290,23.1,60,1151,80.4,28.3,1007.7,1012.4,944,1009.5,1726,1011.1,14,5,1000,2.62,16.2,,,,,,7.6,4.4,27.4,23.7,27.3,27.7,27.5,27.2,27.2,25.7,,,,2.8,3.9,3.5,
192,2011-07-29,27.4,24.7,510,31.7,1341,1.02,.1,,.2,,.2,5.7,230,1108,3,250,1602,1.4,1188,23.3,60,1344,79.1,28.5,1004.9,1011.1,0,1006.2,1752,1008.3,14,9,1300,3.19,22.7,,,,,,4.4,3.1,29.4,22.8,29.3,29.3,28.3,27.7,27.2,26,,,,4.1,5.3,.2,
192,2011-07-30,27.4,23.9,558,32.8,1445,,,,,,,11.4,160,1910,2.9,250,1607,1,894,22.2,52,1447,75,26.8,1002.8,1007.6,0,1004.3,1713,1006.2,14,7.5,1200,3.48,22.24,,,,,,6.4,4,31.1,22.6,29.5,29.6,28.9,28.3,27.4,26.1,,,,4.4,5.7,,
192,2011-07-31,26.6,23.4,425,31.3,1233,,,,,,,5.9,160,1522,3.1,110,1327,1,897,22.3,54,1309,78.4,26.9,1002.4,1006.8,734,1004.7,1723,1005.8,14,4.4,1200,3.04,19.79,,,,,,8.1,3.6,30.5,22.7,29.1,29.5,29,28.5,27.9,26.2,,,,4,5.7,26,
192,2011-08-01,24.9,23.8,840,26.5,1546,17.22,13,2324,23.5,2237,107,6.6,140,2338,3.7,90,2342,1,833,23.3,83,1458,91.4,28.6,1003.3,1008,2351,1005.2,305,1006.7,13.9,0,1000,.66,3.75,,,,,,10,6.6,26.3,24,26.4,26.9,27.5,27.8,27.8,26.1,,,,.7,1.1,95,
192,2011-08-02,24.7,23.4,300,27.4,1749,12.55,7.5,1137,22.5,1108,47.5,4.5,110,18,2.9,110,18,.6,479,23.2,78,1751,91.8,28.5,1005.9,1010.9,2234,1007.8,328,1009.3,13.9,0,1500,.93,3.72,,,,,,9.6,5.8,25.6,23.2,25.4,25.6,25.9,26.2,27.4,26.7,,,,2.5,3.2,33.5,
192,2011-08-03,26.5,23,547,30.9,1248,1.15,1.9,1339,2,1325,2,5.1,250,1640,3.3,110,1214,.8,693,23.3,58,1251,83.6,28.6,1005.6,1010.9,201,1007,1627,1009,13.9,4.8,1200,2.91,18.68,,,,,,6.5,6.3,29.2,21.6,28.1,28,27.3,26.9,27,26.8,,,,3,3.8,2,2.08
192,2011-08-04,27.1,23.1,604,33.8,1537,,,,,,,4.8,140,1636,3.1,110,1614,1.1,920,22.3,45,1542,77.1,27,1004.5,1008.9,711,1006.5,1554,1007.9,13.8,9,1200,3.53,24.87,,,,,,4,3.9,30.4,22.2,29.1,29.2,28.5,27.9,27.5,26.4,,,,4.2,5.9,,3.2
192,2011-08-05,27.6,21.5,443,33.3,1447,,,,,,,6.6,70,1450,4,90,1535,1.3,1156,21.4,45,1448,71.8,25.6,1004.2,1008.8,0,1005.7,1606,1007.6,13.8,8.6,1100,3.29,22.77,,,,,,4.4,1.5,29.8,20.3,29.1,29.1,28.6,28.2,28.1,26.5,,,,4.2,5.7,.4,
192,2011-08-06,27.3,24.2,610,31.9,1405,2.03,.4,558,.4,550,.4,11.1,110,1047,4,110,1324,1.6,1352,22.4,57,1407,75.5,27.1,1004.3,1008.9,2227,1006.5,1712,1007.7,13.8,4.4,1300,3,16.18,,,,,,8.4,5.9,28,23.7,28.1,28.7,28.8,28.5,28.2,26.7,,,,3.9,5,,
192,2011-08-07,26.6,25,2053,28.6,1132,9.3,6.5,2342,13,2010,58,16.1,180,2316,7.9,140,2325,3,2621,22.6,68,952,79.5,27.5,1002.2,1008.7,0,1001.4,2311,1005.6,13.8,0,1400,.97,5.55,,,,,,9.9,7.4,27,24,26.7,27.1,27.8,28.1,28.1,26.9,,,,2.3,3,120.5,
192,2011-08-08,26.7,24.2,2337,29.5,1303,4.53,17,54,33,28,62.5,13,140,407,6.5,140,114,2.5,2185,22.3,61,1254,77.6,26.9,1003,1009.2,2258,1001.1,22,1006.4,13.7,5.6,1200,2.93,16.7,,,,,,7.8,4.4,28.7,23.1,27.2,27.2,26.8,26.6,27.2,26.9,,,,3.3,4.8,19,
192,2011-08-09,26.1,24.1,323,29.2,1410,4.7,9.5,529,14.5,444,19,6.6,200,1613,2.8,180,1318,1.4,1250,23.4,73,1412,85.3,28.7,1006.2,1010.7,958,1008.6,143,1009.6,13.7,.1,1400,1.33,8.77,,,,,,9.6,6.9,27.5,23.3,27.1,27.3,27.1,27.1,27.7,26.9,,,,1.5,2.1,0,
192,2011-08-10,26.6,24.8,2229,30,1217,2.93,1.5,1436,2.5,1440,3,6.1,270,22,3.2,200,1634,1.4,1207,23.7,69,1210,84.5,29.2,1006.7,1011.5,946,1008.7,1638,1010.1,13.7,1.3,1200,1.62,12.67,,,,,,8.9,6.3,27.9,24.2,27.5,27.7,27.5,27.3,27.8,26.9,,,,2.3,3,3,
192,2011-08-11,26.3,24.3,410,31.8,1251,3.05,5,1451,8.5,1448,9,9.4,160,1400,3.3,200,1431,.9,819,23.6,60,1252,86.4,29.1,1005,1010.3,116,1006.5,1439,1008.4,13.6,2.1,1100,2.71,14.38,,,,,,8.1,6.1,28.1,23.9,28.3,28.7,28.1,27.7,27.7,26.7,,,,3.3,4.2,9,
192,2011-08-12,26.6,23.6,543,31.2,1347,,,,,,,11,90,1807,3.2,200,1324,1.3,1087,23.1,61,1348,82.3,28.3,1003.6,1008,751,1005.5,1644,1007,13.6,4.6,1300,3.14,19.96,,,,,,6.5,4.6,29,23.5,28.7,29,28.5,28.1,28.2,26.7,,,,2.8,4.2,,.67
192,2011-08-13,25.7,23.3,542,30.3,1219,4.6,3.5,1503,3.5,1503,9.5,7.7,160,1130,3.7,200,1236,1.3,1089,22.2,57,1240,82.8,26.8,1003.6,1008,2322,1005.2,1814,1007,13.6,4.5,1100,3.45,18.95,,,,,,8.1,6.3,28.7,22,28.6,28.7,28.4,28.3,28.6,26.9,,,,3.5,4.9,10.5,
192,2011-08-14,26.4,24,507,30.6,1344,.87,1,107,1,56,1,5.7,250,1556,2.7,250,1600,1.3,1107,22.8,63,1418,81.5,27.7,1003.6,1008,8,1005.5,1606,1007,13.6,4.4,1300,2.92,19.36,,,,,,6.4,5.1,29.1,23.1,28.6,29,28.6,28.3,28.5,27,,,,3.6,4.7,,
192,2011-08-15,26.9,23.5,246,31.2,1317,,,,,,,7.1,230,1327,2.9,180,1327,1.4,1227,22.5,60,1451,78.1,27.3,1003.5,1007.9,930,1005.4,1612,1006.9,13.5,9.3,1200,3.14,23.42,,,,,,2.3,2.1,30,22.1,29.1,29.2,28.8,28.5,28.4,27.1,,,,4.3,5.5,,
192,2011-08-16,26.9,24.2,243,30.5,1532,,,,,,,10.1,360,1800,3.3,250,1443,1.5,1287,23.4,65,1433,82,28.7,1001.6,1007.5,5,1003.2,1707,1005,13.5,4.1,1200,2.8,17.75,,,,,,4,3.4,29.3,22.8,28.7,29,28.8,28.6,28.2,27,,,,3.2,4.6,,
192,2011-08-17,26.9,25,2225,30.3,1457,,,,,,,7.6,180,1604,3.1,180,1302,1.6,1368,23.6,68,1502,82.5,29.1,1000.6,1005.2,2334,1002.9,1525,1004,13.4,1,1300,2.21,13.97,,,,,,9.1,5.8,29.2,24.3,28.5,28.8,28.8,28.7,28.7,27.1,,,,2.5,3.5,.3,
192,2011-08-18,26.1,24.2,610,30.1,1447,1.1,.2,535,.3,535,.3,6.8,180,1347,3.5,110,2048,1.6,1355,22.3,64,1705,80.5,26.9,1002.6,1009.5,2355,1003.9,406,1006,13.4,5.7,1300,3.14,17.44,,,,,,7.5,5.3,29.2,23.6,28,28.5,28.6,28.5,28.7,27.3,,,,3.9,5,0,
192,2011-08-19,23.2,21.3,2358,24.8,2,9.62,1,1617,2.5,1538,6.5,2.7,70,1639,1.4,50,1637,.5,410,21.1,78,1252,88.1,25,1008,1012.9,2335,1009.5,0,1011.4,13.4,0,1300,.54,3.2,,,,,,10,6.4,25.6,21,25.8,26.4,27.5,28,28.4,27.1,,,,.4,.5,17.5,
192,2011-08-20,19.9,18.8,2154,21.4,1,21.22,1.5,558,5,531,21.5,3.8,90,1513,1.9,340,1400,.8,725,18.2,83,1144,90.1,20.9,1008.4,1013.1,1029,1011,1637,1011.9,13.3,0,1400,.6,3.86,,,,,,10,6.6,22.9,18.5,23.1,23.9,25.5,26.5,27.7,27,,,,.4,.5,14.5,
192,2011-08-21,22.6,18.5,110,27.2,1627,3.42,1,48,3.5,41,4,5,360,1133,2.5,360,934,.9,809,18.3,57,1624,78.3,21,1006.9,1011.6,2330,1009.4,1513,1010.4,13.3,3.4,1000,2,16.02,,,,,,6.8,4.5,25,18.1,24.5,24.9,25.4,25.8,27.3,26.9,,,,2.4,3.4,,
192,2011-08-22,20.7,18.5,548,23,1011,6.1,.5,1140,1.5,1538,3,4.4,360,1637,2,20,927,.7,569,18.3,71,942,86.5,21,1007.4,1011.9,959,1010.2,1405,1010.9,13.3,0,1300,.79,5.47,,,,,,9.1,5.8,23,17.4,23.2,23.8,24.9,25.6,26.9,27.1,,,,1.1,1.5,4,
192,2011-08-23,20.3,18.9,316,22.1,1705,10.52,1,1026,4,1022,12.5,3.7,320,1451,1.7,360,1343,.7,587,18.5,81,818,89.9,21.3,1006.1,1011.1,36,1008.5,1607,1009.6,13.3,0,1400,.64,3.36,,,,,,9.3,6.9,22.1,18.5,22.4,23,24,24.8,26.4,26.8,,,,.5,.7,11.5,
192,2011-08-24,22.5,19.9,40,24.5,1305,2.15,.1,,.1,,.1,4.5,360,1208,2.4,20,1215,.8,682,18.6,68,948,79.3,21.5,1008.3,1013.5,2108,1009.9,244,1011.8,13.2,0,1200,.85,5.55,,,,,,9.6,7.5,23.1,19.2,23.1,23.6,24.1,24.6,25.9,26.3,,,,.7,.9,.6,
192,2011-08-25,22.5,20.3,543,25.6,1323,8.82,.5,1919,.5,125,1,4.7,90,2127,2.6,360,1255,.8,674,19.5,68,1312,83.9,22.7,1010.9,1015.8,2352,1013.2,1521,1014.4,13.2,.4,1200,1.99,8.59,,,,,,10,5.6,23.8,20,23.9,24.2,24.5,24.7,25.7,26.2,,,,1.3,1.8,.5,
192,2011-08-26,23.8,19.2,535,28.2,1226,1.63,.5,1850,.5,1800,.5,6.2,360,1102,2.7,360,1026,.7,609,20.3,60,1248,82.3,23.9,1012.1,1016.8,959,1014.4,1544,1015.6,13.2,.8,1200,2.11,11.87,,,,,,8.9,6,25.2,18.6,24.9,25.1,25.1,25.1,26,26.3,,,,1.8,2.4,.5,
192,2011-08-27,24.7,22.2,101,28.9,1547,,,,,,,5.1,90,1529,2.5,50,1336,.8,693,21.3,63,1546,82,25.3,1011.6,1016.4,1000,1013.4,1648,1015.1,13.1,1.2,1500,2.06,10.6,,,,,,8.4,6.3,25.9,21.5,25.4,25.7,25.7,25.6,26,26.1,,,,2.2,2.8,,
192,2011-08-28,25,19.8,606,30.8,1513,,,,,,,4,70,1107,2.7,110,1600,.7,637,20.6,53,1408,78.5,24.3,1010.2,1015.3,0,1011.7,1822,1013.7,13.1,7.2,1000,2.83,20.84,,,,,,3.5,2.6,27.6,18.6,27,26.9,26.4,26.1,26.2,25.7,,,,3.3,4.1,,
192,2011-08-29,26.1,22.2,614,32,1545,,,,,,,4.4,110,838,3.1,110,843,1.1,937,21,47,1451,75.5,24.8,1008.7,1014,0,1010.1,1710,1012.2,13,9.4,1300,2.91,21.54,,,,,,5,2.4,28.9,21.1,28.1,28.2,27.4,26.9,26.7,25.7,,,,3.8,5,,
192,2011-08-30,25.9,22.3,216,31.9,1511,,,,,,,11.8,140,1313,2.5,200,2002,.9,781,21.9,54,1716,80,26.2,1005.8,1012.1,0,1006.9,1824,1009.2,13,4.8,1200,2.95,16.89,,,,,,5.8,1.1,27.5,21.3,27.8,28.2,27.8,27.4,27,26.2,,,,3.5,4.5,,.37
192,2011-08-31,26.3,22.9,2334,32.3,1508,,,,,,,10.8,140,945,3.2,200,1919,1.1,929,21.8,51,1555,77.6,26.2,1002.7,1009,5,1003.9,1505,1006.1,13,4.6,1200,2.89,17.7,,,,,,6.4,2.1,29.2,22.1,28.4,28.8,28.2,27.7,27.1,26.2,,,,3.6,4.6,,
192,2011-09-01,27.4,22.8,526,34.7,1455,,,,,,,5.5,20,1126,2.9,50,1152,1,850,20.8,31,1350,71.3,24.6,1000.3,1005.7,1,1001.4,1702,1003.6,12.9,8.5,1200,3.23,22.57,,,,,,1.9,1.9,31.4,22,29.9,30,28.9,28.2,27.7,26.2,,,,4.3,6.1,,
192,2011-09-02,26.2,20.2,422,30.4,1430,,,,,,,8.8,320,1436,4.2,20,1631,1.7,1442,19.1,54,1103,66.1,22.1,998.5,1003.7,626,1000.1,1802,1001.9,12.9,6,1000,2.57,16.07,,,,,,2.9,2.5,27.7,17.9,27.7,27.9,28.1,28,28.2,26.7,,,,3.9,5.3,,
192,2011-09-03,26.6,23.5,452,30.1,1101,,,,,,,10.2,360,1731,4.8,20,1345,2.1,1849,16.4,45,1423,53.9,18.6,1000.3,1006.1,2057,1000.9,134,1003.7,12.9,6.7,1000,2.87,17.37,,,,,,2.5,2.4,27.6,19.6,27.5,27.7,27.6,27.6,27.7,26.4,,,,4.5,5.8,,
192,2011-09-04,24.6,19.2,429,29.3,1251,.97,.1,,.2,,.2,6.3,360,1039,3.4,20,1032,1.2,1024,17.5,48,1254,66.4,20.1,1002,1006.3,956,1004.6,354,1005.4,12.8,2.3,1100,2.45,14.26,,,,,,7.6,7.4,27.4,17.9,27,27.2,27.1,27.1,27.4,26.4,,,,3.6,4.6,.2,
192,2011-09-05,23.8,19.6,2242,29.7,1316,1.48,6.5,2148,13,2125,13,7.3,200,1734,3.4,250,1440,1.3,1081,17.7,36,1318,71.3,20.4,1002.1,1007.3,2150,1003.7,1540,1005.5,12.8,9.9,1200,3.5,23.47,,,,,,5.3,5,30.4,18.6,28.7,28.6,27.7,27.3,27.2,26.3,,,,4.4,6.2,13,
192,2011-09-06,22,17.5,2353,28.3,1354,,,,,,,5.5,230,1626,2.8,110,1307,1.1,950,17.8,52,1349,79.1,20.4,1002.4,1007.5,808,1003.6,1636,1005.9,12.8,7.8,1100,3.14,20.33,,,,,,3.3,3.3,25.7,15.5,25.2,26,26.7,27,27.2,26.3,,,,3.2,4.3,,.75
192,2011-09-07,21.4,13.2,616,29.5,1441,,,,,,,5,200,1655,3.1,250,1756,.9,797,14,27,1423,67.1,16.2,1003.8,1009.5,2212,1005.4,1509,1007.3,12.7,10.7,1200,3.36,24.32,,,,,,3.4,3,24.6,11,24.6,25,25.6,26.1,27.2,26.7,,,,4.4,5.6,,
192,2011-09-08,23.3,17.4,604,28.6,1436,,,,,,,6.6,160,1356,3.2,250,1224,1,867,16.6,39,1633,68,19,1007.6,1013.9,2313,1008.7,32,1011.1,12.7,5.2,1100,2.81,17.45,,,,,,6.9,3.9,26,15.3,25.5,25.8,26,26.2,26.8,26.2,,,,3.7,4.7,,
192,2011-09-09,23.1,20.5,616,26.6,1611,,,,,,,3.7,340,1548,2.1,360,1548,.8,728,17.1,53,1208,70.1,19.6,1012.8,1018.8,2231,1013.7,1,1016.3,12.7,.4,1000,1.72,8.14,,,,,,10,5.1,24.6,20.2,24.7,25.1,25.8,26.1,26.7,26.1,,,,2,2.9,1.5,
192,2011-09-10,20,18.6,929,21.6,1,4.57,1.5,959,4.5,944,8,6,20,628,2.8,360,1508,1.3,1113,17,66,2,83,19.4,1015.6,1021.7,1001,1018,2343,1019.1,12.6,0,1400,.73,3.13,,,,,,10,6.5,21.8,18.5,22.1,22.9,24.4,25.3,26.7,26.2,,,,1.5,2.2,15,
192,2011-09-11,22.2,19.5,124,25.5,1344,16.23,6,1635,11.5,1612,33.5,4.5,340,519,2.9,110,1332,.9,747,19.9,73,1351,87.5,23.3,1013.3,1018.6,945,1015.4,1545,1016.8,12.6,.1,1300,1.65,6.66,,,,,,9.6,7.1,23.1,19.5,23.1,23.6,24.1,24.6,26.2,26,,,,1.5,2,26.5,
192,2011-09-12,25.6,22.1,245,30.5,1120,,,,,,,6.9,180,1404,3.3,230,1329,1.1,964,21.7,61,1137,80.1,25.9,1012,1017.1,1,1013.9,1554,1015.5,12.5,7,1200,3.2,19.85,,,,,,6.1,3.8,27.5,21.1,26.3,26.3,25.7,25.4,25.7,25.9,,,,3.1,4,,
192,2011-09-13,25.1,21.6,304,30.7,1446,,,,,,,5.3,230,1618,2.8,140,1417,1,826,20.6,51,1341,78,24.3,1010.8,1015.7,820,1012.6,1607,1014.2,12.5,8.4,1200,3.29,20.71,,,,,,2.5,2.5,27.2,20.5,26.6,27,26.6,26.3,26.2,25.7,,,,3.2,4.6,,
192,2011-09-14,24.6,20.8,322,31.4,1329,,,,,,,5.7,230,1330,2.6,140,1348,.9,801,20.1,46,1259,78.1,23.5,1009.7,1014.5,936,1011.6,1517,1013.2,12.5,7.9,1200,3.15,20.03,,,,,,2.1,2.1,26.9,18.9,26.1,26.7,26.8,26.7,26.7,25.7,,,,3.6,4.6,,
192,2011-09-15,25.1,20,228,32.8,1447,,,,,,,5.8,200,1736,3,200,1830,.9,759,19.5,40,1621,74.8,22.7,1008.2,1013.7,1,1009.4,1628,1011.7,12.4,9.5,1200,3.11,21.79,,,,,,1.6,1.6,28,18.5,27,27.3,27,26.8,26.7,25.7,,,,3.8,4.9,,1.13
192,2011-09-16,25.8,19.8,600,32.7,1449,,,,,,,10.6,90,1208,3.1,110,1108,1,890,20.6,43,1344,75.3,24.3,1004.2,1011,1,1005,1622,1007.6,12.4,9.4,1200,3.14,21.59,,,,,,3.8,3.8,28.8,17.9,27.6,27.9,27.3,27.1,26.9,26.1,,,,4.1,5.3,,2.6
192,2011-09-17,26.5,22.3,349,31.4,1356,,,,,,,6.8,90,1648,3.9,70,1549,1.3,1116,20.7,52,1330,72.1,24.5,1003.3,1008.6,2150,1005.2,1445,1006.7,12.4,5.5,1100,2.95,16.6,,,,,,4.4,4.3,28.4,21,28,28.2,27.8,27.5,27.2,26,,,,4,5.6,,
192,2011-09-18,24.5,21.1,2345,29.6,1234,,,,,,,8.1,90,1608,5.4,90,1624,1.7,1481,18.3,55,1235,69.3,21.1,1006.6,1014.2,2217,1007.3,413,1010,12.3,3.3,900,2.04,11.47,,,,,,7.5,6,27.9,20.4,26.6,26.8,27.1,27.2,27.3,26.1,,,,2.6,3.6,,
192,2011-09-19,19.3,17.5,633,21.6,1224,,,,,,,8,50,1153,4.5,50,1114,2.5,2144,10.9,46,1455,59.5,13.2,1011.4,1016.9,945,1013.4,1551,1015,12.3,0,1100,1.77,9.89,,,,,,9.6,5.9,21.7,17.6,22.9,23.8,25.4,26.1,27.2,26.8,,,,3.8,4.9,,
192,2011-09-20,18.3,17,703,19.6,1510,,,,,,,7.4,360,941,3.7,20,1013,2.7,2296,10.2,44,2234,59.6,12.5,1007.7,1013.9,1,1009,2400,1011.2,12.3,0,1100,1.17,7.45,,,,,,9.3,6.9,20.7,17,21.1,22,23.7,24.7,26.1,26.2,,,,2.8,3.6,,
192,2011-09-21,18,12.3,2354,23.2,1301,,,,,,,8.3,340,1229,4.1,360,904,1.8,1560,8.6,33,1650,56.9,11.2,1004.7,1010.2,2222,1006.6,1532,1008.2,12.2,7.2,1100,2.54,17.4,,,,,,3.4,3.1,22.1,9.6,22,22.3,23.3,24,25.6,26.2,,,,3.2,4,,
192,2011-09-22,16.9,10,551,25.2,1533,,,,,,,6.7,340,1429,3.8,320,1340,.9,806,7.2,21,1553,60.1,10.3,1008.5,1014.2,2343,1010.2,200,1012.1,12.2,11.2,1200,3.18,22.74,,,,,,.8,.8,22.7,7.1,21.7,22.3,23,23.5,25.2,25.7,,,,3.5,4.7,,
192,2011-09-23,17.6,9.5,613,26.5,1519,,,,,,,5.1,230,1804,2.1,160,1724,.8,675,9.3,25,1319,63.9,11.8,1012.1,1018.3,2358,1013.3,1550,1015.7,12.1,10.8,1200,3.1,21.96,,,,,,1.1,1.1,23.2,7,22,22.5,22.9,23.4,24.5,25.6,,,,3.7,4.7,,
192,2011-09-24,18.1,11.6,604,25.9,1604,,,,,,,4.8,230,1550,2.8,90,1449,.7,591,12.1,34,1605,71.3,14.1,1016.2,1021.5,2213,1018.1,209,1019.8,12.1,8.9,1000,2.51,17.67,,,,,,2.1,2.1,24,9,22,22.2,23,23.5,24.4,25.3,,,,3,3.9,,
192,2011-09-25,18.2,11.9,617,26.7,1505,,,,,,,3.8,110,1101,2.4,110,1114,.7,590,11.9,34,1511,70.9,14,1018.3,1023.6,941,1020.1,1532,1021.9,12.1,9.3,1200,2.34,17.77,,,,,,4.3,.5,23.5,9.4,22,22.4,23,23.4,24.2,24.9,,,,2.5,3.6,,
192,2011-09-26,17.9,11.2,608,26.7,1514,,,,,,,5.8,90,1252,3.5,90,1253,1,826,10.3,22,1445,67.1,12.7,1016.5,1022.2,637,1017.5,1633,1020,12,10.9,1200,2.81,20.04,,,,,,2.1,0,22.5,8.3,21.7,22.3,22.9,23.3,24.3,24.8,,,,3,4.1,,
192,2011-09-27,17.8,8.7,539,26.3,1551,,,,,,,5.1,20,1122,2.9,70,1313,.8,662,12.1,41,1540,72.3,14.3,1015.3,1020.5,717,1016.6,1540,1019,12,8,1200,3,18.78,,,,,,2.1,2.1,22.8,5.2,21.7,22.1,22.6,23,24.2,24.8,,,,2.7,3.8,,
192,2011-09-28,19.1,13.4,535,24.6,1459,,,,,,,4.4,110,1529,2.5,90,1114,.7,636,14,49,1516,74.5,16,1014.7,1020.3,825,1016.2,1653,1018.2,12,2.5,1100,2,12.96,,,,,,6.9,3.1,22.9,10.4,21.8,22.2,22.7,23.1,24.1,24.4,,,,2.1,2.7,3,
192,2011-09-29,19.4,16.9,345,22.3,1628,8.37,2.5,1008,3.5,940,6.5,4.1,200,1637,2.6,200,2251,.8,701,17.3,79,1631,88,19.8,1008.8,1017,1,1009.4,1542,1012.3,11.9,0,1300,.95,4.57,,,,,,10,7,21,16.2,21,21.5,22.4,22.9,23.8,24.3,,,,.4,.6,3.6,
192,2011-09-30,19.8,14.5,2319,24.3,1446,.47,.1,,.1,,.1,9.5,360,1339,5.3,340,1403,2.1,1852,6.1,19,1520,44.3,10,1012.1,1019.6,2353,1010.7,146,1015.6,11.9,5.1,1200,2.68,15.37,,,,,,7.5,4.9,21.1,9.9,20.6,21.5,22.4,22.9,23.8,24.1,,,,3.8,5.1,,
192,2011-10-01,15.2,8.4,447,22.5,1507,,,,,,,7,70,1219,3.6,50,1104,1.2,1021,5.5,25,1405,56.1,9.1,1016.9,1022.4,2343,1018.6,1526,1020.5,11.9,9.7,1200,3.08,20.1,,,,,,4.8,0,19.6,5.4,19.1,19.9,20.9,21.8,23.5,24.5,,,,3.6,4.7,,
192,2011-10-02,14.4,8.5,519,21.1,1449,,,,,,,7.6,320,1033,3.8,340,1034,1.4,1218,2.8,22,1145,49.8,7.6,1019.4,1024.5,916,1020.6,1554,1023,11.8,7.1,1100,2.97,18.2,,,,,,6.6,1.5,19.2,5.1,18.5,19.4,20.5,21.3,22.6,24.1,,,,3.4,4.3,,
192,2011-10-03,12.6,6.1,610,21.2,1408,,,,,,,7.6,70,1502,3,90,1045,.9,745,3.1,23,1635,58.3,7.7,1020.6,1025.8,812,1022.6,1600,1024.3,11.8,9.7,1300,2.64,18.83,,,,,,4,.3,18.3,3.5,17.4,18.3,19.8,20.8,22.7,23.7,,,,2.5,3.6,,
192,2011-10-04,13.9,5.6,630,22.8,1507,,,,,,,4.7,110,1142,2.6,90,1151,.7,646,6.4,27,1556,65.3,9.7,1018.6,1025.4,752,1019.2,1719,1022.2,11.8,10.7,1200,2.9,20.31,,,,,,2.3,.8,19.6,2.9,18.3,18.8,19.7,20.4,22.2,23.7,,,,2.7,3.7,,
192,2011-10-05,15.6,10.5,2356,23.8,1403,,,,,,,5.5,290,1522,2.1,110,1235,.7,576,8.8,28,1401,68.3,11.4,1011.8,1020.5,1,1012.3,1812,1015.4,11.7,3.9,1200,2.56,13.46,,,,,,5.6,3.5,19.8,6.7,19.1,19.8,20.4,20.8,22.1,23.5,,,,2.4,3,,
192,2011-10-06,14.8,7.3,612,23.9,1427,,,,,,,7.3,250,1550,4.8,250,1551,1,856,7.4,34,1848,64.5,10.4,1011.3,1018.2,2341,1012.6,1445,1014.9,11.7,7.2,1100,2.56,16.44,,,,,,3.9,0,18.9,3.9,18.6,19,20,20.5,22,23.5,,,,2.5,3.5,,
192,2011-10-07,14,6,625,23.4,1523,,,,,,,4.6,340,1224,2.3,90,1008,.8,697,5.6,22,1520,62.8,9.2,1016.3,1021.4,815,1018,7,1019.9,11.6,10.8,1200,2.89,19.81,,,,,,0,0,19,2.2,18.2,18.7,19.6,20.3,21.7,23.2,,,,3.1,4,,
192,2011-10-08,14.8,6.7,525,24.1,1501,,,,,,,3.8,70,1107,2.3,90,1110,.7,630,7.2,21,1513,67.1,10.3,1019,1024.1,2255,1021.2,1,1022.6,11.6,10.3,1200,2.75,18.71,,,,,,0,0,19.4,3.5,18.4,18.9,19.6,20.2,21.7,22.7,,,,2.7,3.4,,
192,2011-10-09,15.8,8.1,612,24.7,1433,,,,,,,9.9,320,1243,2,320,1250,.7,612,10,36,1518,72.1,12.4,1019.4,1025.3,854,1020.3,1539,1023,11.6,7.9,1100,2.65,16.19,,,,,,3.9,0,19.7,5.2,18.8,19.2,19.8,20.2,21.4,22.7,,,,2.1,3,,
192,2011-10-10,17,9.1,632,26.9,1529,,,,,,,9.9,270,1533,2.5,200,1238,.7,619,10.2,24,1527,69.8,12.5,1017.5,1023.6,859,1018.7,1540,1021.1,11.5,9.9,1200,2.62,17.94,,,,,,2.4,0,21.1,6.3,19.5,19.9,20.2,20.5,21.3,22.5,,,,2.8,3.6,,
192,2011-10-11,17,11.7,230,25.7,1407,,,,,,,4.3,140,1434,2.6,110,1443,.7,599,10.2,30,1410,69.9,12.6,1015.3,1020.7,841,1016.3,1605,1018.9,11.5,7.5,1200,2.56,15.54,,,,,,2.8,1.4,20.8,7.4,19.5,20.3,20.6,20.7,21.5,22.4,,,,2.5,3.2,,
192,2011-10-12,16.4,8.3,625,24,1340,,,,,,,4.6,160,1434,2.2,160,1354,.7,620,10.9,41,1140,72.3,13.3,1013.8,1020,915,1015.1,1712,1017.4,11.5,6.4,1100,2.34,13.64,,,,,,5.8,3.8,19.4,5.4,19.2,19.4,20,20.4,21.7,22.5,,,,2,2.8,,
192,2011-10-13,18,13.4,2317,25.5,1447,,,,,,,6.6,140,1345,3.6,110,1348,.8,702,10.7,27,1403,66.5,13,1011.8,1016.9,936,1013.1,1516,1015.3,11.4,6.9,1100,2.52,13.78,,,,,,6.4,3.8,22,10.7,20.4,21.1,21,20.9,21.7,22.3,,,,2.4,3.1,5.5,
192,2011-10-14,14.4,12.8,103,15.6,1447,13.08,.5,531,2.5,644,14.5,3.7,90,1612,1.8,90,1614,.5,449,12.7,83,18,89.9,14.7,1008.7,1015.7,5,1009.5,1636,1012.3,11.4,.6,1400,.36,2.03,,,,,,9.9,6.4,16.4,10.7,17,17.7,19.3,20.2,21.7,22.3,,,,.2,.4,9,
192,2011-10-15,16.9,13.5,515,21.5,1235,.53,2.5,2024,2.5,2016,2.5,9.6,270,2309,4.6,270,2316,1.5,1324,11.5,43,2309,73.1,13.8,1006.8,1012.9,1010,1007.2,1539,1010.3,11.4,4.6,1200,2.37,11.16,,,,,,6.1,4.8,17.8,12.8,18.1,18.6,19.3,19.7,21.4,22,,,,2.6,3.7,2.5,3.42
192,2011-10-16,15.5,8,633,21.5,1331,,,,,,,9.6,270,1501,5.5,250,1613,2.4,2052,6.4,33,1339,57.6,9.7,1008.7,1015,2307,1010.5,420,1012.3,11.3,8.9,1000,2.17,12.65,,,,,,2.4,2.1,14.8,5.1,16.4,16.8,18.2,19.2,21.2,22.2,,,,2.6,3.3,,
192,2011-10-17,13.2,6.8,643,21.2,1230,,,,,,,8.2,20,1519,4.2,360,1504,1.4,1199,4.2,27,1209,60.5,8.5,1014.8,1021.2,2324,1014.7,7,1018.4,11.3,10.3,1200,2.61,16.95,,,,,,.6,.6,14.8,2,15.3,16,17.4,18.5,20.7,22.1,,,,3.1,4,,
192,2011-10-18,10.5,2.3,558,20.3,1507,,,,,,,6.7,90,945,3.8,70,948,.9,754,2,23,1444,61.8,7.1,1020.5,1025.8,2236,1021,14,1024.2,11.2,10.5,1200,2.64,17.83,,,,,,0,0,13.9,-1.2,13.8,14.6,16.3,17.6,20.2,21.8,,,,2.4,3.2,,
192,2011-10-19,12.6,3.6,549,21.1,1441,,,,,,,7.4,70,1315,3.6,90,1316,.9,811,6.8,43,1522,71,10,1021.9,1027.5,807,1023.5,1423,1025.5,11.2,10,1200,2.51,15.02,,,,,,1.9,1.9,14.8,.4,14.5,15.2,16.4,17.3,20.4,22,,,,2,2.9,,
192,2011-10-20,15.5,8.2,623,21.9,1359,,,,,,,5.7,90,1436,3.1,70,1327,.9,793,9.4,46,1336,69.3,11.9,1020,1025.9,818,1021.4,1535,1023.6,11.2,8.3,1300,2,13.07,,,,,,6.1,1.4,17.4,4.7,16.6,16.7,17.2,17.7,19.7,21.4,,,,2,2.6,,
192,2011-10-21,15.3,10.9,307,18.5,1037,8.57,2.5,2230,12,2146,32,6.1,340,2349,3.4,340,2243,1.1,969,12.1,62,1022,81.9,14.2,1014.5,1022.2,29,1013.2,2359,1018.1,11.1,.2,900,.72,4.13,,,,,,9.8,6.6,16,8.2,15.9,16.3,17.2,17.9,19.7,21.2,,,,1.4,1.8,74.5,
192,2011-10-22,15.1,11,2336,18.3,1455,13.38,4,252,14.5,241,49.5,6.4,50,459,3,340,12,1.2,1057,12.7,73,1508,86.6,14.8,1010,1017,2252,1011.5,542,1013.6,11.1,1.5,1400,1.18,4.48,,,,,,7.9,6,16.4,8.6,16,16.4,17,17.5,19.2,20.7,,,,.3,.5,7,
192,2011-10-23,13.6,8.3,424,19.5,1459,.28,0,,0,,0,3.1,230,1427,1.8,250,1428,.6,491,10.8,59,1519,85.1,13.1,1014.6,1019.9,909,1016.8,1558,1018.2,11.1,1.6,1000,1.34,7.73,,,,,,7,4.8,15,4.9,14.9,15.4,16.4,17.2,18.5,21,,,,.7,.9,.5,.88
192,2011-10-24,13.9,12.5,2400,16,1113,8.63,.5,530,1,920,2.5,3.3,250,1723,1.6,20,124,.5,457,11.9,74,2354,88.1,14,1012.7,1018.3,1,1014.9,1357,1016.3,11,.6,1000,.6,3.09,,,,,,8.9,5.9,15,11.3,15.4,15.8,16.7,17.3,19.1,20.4,,,,2.3,2.9,2,
192,2011-10-25,9.5,2.4,2359,15.3,1529,,,,,,,9.9,340,836,4.9,340,845,2.3,2009,-2.7,20,1447,46.4,5.2,1018.6,1025.8,2354,1016.9,1,1022.3,11,9.8,1200,2.59,17.03,,,,,,1.1,0,11.8,-1.3,12.8,13.7,15.6,16.6,18.7,20.3,,,,2.8,3.1,,
192,2011-10-26,6.9,-.7,541,16.8,1528,,,,,,,5,110,1124,3.2,110,1056,.8,730,-.3,20,1614,66.5,6.1,1022,1027.3,849,1023.4,1422,1025.7,11,10.2,1200,2.52,16.53,,,,,,0,0,10.4,-3.4,10.5,11.4,13.6,15.2,18,19.4,,,,2.4,2.8,,
192,2011-10-27,10.7,1.4,455,20.3,1533,,,,,,,4,110,1318,2.1,90,1225,.7,630,5.3,41,1548,73.1,9.1,1022.6,1028.3,843,1024.4,1538,1026.3,10.9,9.4,1100,2.3,15.19,,,,,,2.9,1.5,12.7,-.4,12.1,12.6,13.8,14.9,17.5,19.4,,,,2,2.6,,
192,2011-10-28,11.9,5.9,611,21,1525,,,,,,,5,90,1245,3.1,50,1235,.7,603,6.9,30,1514,75.3,10,1020.5,1026.4,859,1022.1,1513,1024.2,10.9,8.4,1200,2.4,13.47,,,,,,3,1.5,13.3,2.6,13.5,14.1,14.9,15.5,17.5,19.8,,,,2,2.5,,
192,2011-10-29,14,7.5,256,20.3,1512,2.5,.1,,.1,,.2,4.3,70,1528,2.4,110,1232,.6,526,10.1,52,1424,78.8,12.5,1016.7,1022.9,44,1018.3,1501,1020.3,10.9,2.1,1200,1.58,7.76,,,,,,8.5,5.3,15.2,5.2,14.3,14.6,15.2,15.7,17.6,19.6,,,,1,1.3,.3,
192,2011-10-30,15.3,9.9,2350,21.2,1351,1.33,.1,,.1,,.1,5.6,110,1248,3.3,110,1117,.9,791,11.4,53,1352,79,13.5,1016.4,1023.4,2253,1018,1350,1020,10.8,4.2,1200,2.04,9.71,,,,,,5.6,3.1,16.6,5.9,16.1,16.6,16.7,16.7,17.6,19.4,,,,1.6,1.9,,
192,2011-10-31,12.7,7,651,20.6,1405,,,,,,,6.3,90,1411,3.6,90,1407,1,866,7.1,29,1355,73.9,10.2,1022,1027.1,903,1023.4,1,1025.7,10.8,7.1,1200,2.34,13.64,,,,,,4.9,1.3,14.1,4,14.2,14.9,16,16.5,17.5,19.6,,,,2.1,3,,4.98
192,2011-11-01,14.2,6.2,324,22.8,1543,,,,,,,5.4,90,1209,2.9,70,1318,.7,587,9.4,47,1404,75.3,12,1021.9,1027.3,147,1023.9,1428,1025.6,10.8,8.7,1100,2.2,12.4,,,,,,4.8,3.6,13.9,3.1,14.3,14.8,15.7,16.2,17.9,19.3,,,,,2.3,,
192,2011-11-02,16.3,13.7,10,22.2,1615,,,,,,,3.6,90,1302,1.6,320,1347,.5,403,12.7,54,1616,80.5,14.7,1021,1025.5,826,1022.9,1658,1024.6,10.7,1.3,1200,1.23,6.35,,,,,,8.4,5.1,16.5,11.2,16.4,16.6,16.7,16.9,17.9,19.3,,,,,1.2,,
192,2011-11-03,18.2,12.4,631,25.1,1541,,,,,,,5.2,110,2058,3,90,2102,.7,600,13.8,50,1528,77.6,15.8,1021.9,1027.2,2205,1023.4,1444,1025.4,10.7,6.5,1300,1.88,10.69,,,,,,4.4,3.1,18.4,9.9,17.3,17.6,17.3,17.3,18.2,19.3,,,,,2.8,,
192,2011-11-04,19,13.8,638,24.3,1250,1.42,,,,,9.5,6,110,1133,3.4,110,1355,1,853,14.1,53,1251,75.3,16.1,1021,1027.4,830,1021.5,2359,1024.5,10.7,6.3,1100,1.95,10.7,,,,,,6.6,4.5,19.5,10.4,18.5,18.5,18.2,18,18.5,19.5,,,,,1,69,
192,2011-11-05,19.9,16.9,103,25.9,1442,7.17,,,,,59.5,8.3,180,1551,2.3,140,1544,.8,733,16.5,58,1441,82.5,18.8,1014.7,1021.7,27,1015.9,1426,1018.2,10.6,4.6,1200,2.07,9.55,,,,,,8.6,6.3,20.5,16.4,19.4,19.6,18.8,18.5,18.7,19.2,,,,,1,3.5,
192,2011-11-06,17.2,15.9,1923,19.2,1,13.92,,,,,7,3.6,20,1203,1.8,360,1208,.6,492,15.6,85,422,90.1,17.7,1015.4,1020.6,2212,1017.6,322,1018.9,10.6,0,1100,.39,1.95,,,,,,9.8,6.9,18.3,14.6,18.3,18.6,18.9,18.9,19.2,19.2,,,,,.3,3.5,
192,2011-11-07,17.1,14.2,634,21.6,1446,,,,,,,3.1,230,1721,1.8,230,1729,.6,538,13.2,58,1446,79,15.2,1016.1,1021.3,922,1017.5,1442,1019.6,10.6,3.8,1400,1.44,7.93,,,,,,8.8,7,19.1,13.5,18,18.3,18.4,18.6,19.2,19.3,,,,,1.5,.5,
192,2011-11-08,15.4,13.3,2353,17.7,1407,1.88,,,,,.5,6.1,90,1532,3.7,90,1533,1,890,11.7,67,1409,79.4,13.8,1016,1021.3,2312,1018.4,330,1019.6,10.6,.2,1100,.73,3.31,,,,,,9.9,6.5,16.3,12.9,16.7,17.2,18,18.4,19.4,19.5,,,,,1.3,0,
192,2011-11-09,14,12.1,2345,16.7,1529,,,,,,,4.8,70,1342,2.6,50,1521,1,844,9.6,61,1420,75.4,11.9,1016.8,1022,913,1018.9,1444,1020.4,10.5,.4,1000,.92,4.73,,,,,,9.9,6.3,14.8,10.8,15.3,15.9,17,17.6,19.2,19.6,,,,,1.6,,
192,2011-11-10,13.5,11.8,24,15.9,1216,,,,,,,6.4,90,1404,3.5,50,1229,1.1,933,7.4,56,1430,67,10.3,1014.8,1020.9,822,1017.2,2233,1018.5,10.5,.2,1100,.93,4.82,,,,,,9.9,5,13.7,10.9,14.3,15,16.2,17,18.7,19.5,,,,,1.4,1,
192,2011-11-11,12.1,9,2331,16.9,1606,3.75,,,,,1,2.7,290,750,1.5,320,755,.5,404,9.2,67,1608,83,11.7,1012,1017.3,6,1014.2,1419,1015.7,10.5,.9,1200,.51,3.1,,,,,,7.9,6,13.2,5.6,13.9,14.5,15.7,16.4,18.4,19.4,,,,,1.5,,
192,2011-11-12,11.8,6.6,551,20.2,1456,,,,,,,6.1,340,1539,3.6,360,1543,.7,633,6.4,36,1541,73.1,9.7,1014.1,1019.7,846,1015.7,1402,1017.7,10.4,8.2,1200,2.13,12.55,,,,,,3.5,2.6,13.2,3.3,13.3,14,15.1,15.9,17.4,19.2,,,,,2.5,,
192,2011-11-13,11.3,5.2,703,19,1429,,,,,,,5.6,360,2022,2.3,360,2102,.6,516,4.3,33,2039,66.1,8.5,1015.6,1020.9,2236,1017.4,1454,1019.3,10.4,7.3,1200,1.84,10.37,,,,,,3.1,.6,11.8,2.5,12.5,13.1,14.5,15.4,17.7,19.3,,,,,1.7,,
192,2011-11-14,8.3,1.3,654,16.4,1420,,,,,,,6.9,340,1735,4,340,1658,1,883,-2.1,14,1421,55.9,5.4,1019.6,1027,2252,1020.8,3,1023.4,10.4,9.4,1200,2.23,13.83,,,,,,0,0,9.1,-2.5,10.3,11.3,13.4,14.6,17.1,19.1,,,,,3,,
192,2011-11-15,7,.9,532,15.3,1454,,,,,,,6.6,90,1236,3.6,70,1330,1,884,-2.2,22,1449,58,5.2,1026,1032,2353,1026.8,27,1029.7,10.4,9.2,1200,2.13,13.25,,,,,,.5,0,8.3,-2.5,9.2,10.2,12.3,13.6,16.7,18.8,,,,,3,,
192,2011-11-16,8,-.6,411,17.7,1459,,,,,,,3.7,70,25,1.8,50,30,.7,596,-.5,20,1427,61.1,6,1027,1032.5,831,1028.3,1420,1030.8,10.3,9.2,1200,1.97,12.22,,,,,,2.5,0,8.5,-3.6,9.1,9.8,11.6,12.9,14.9,18.9,,,,,2.3,,
192,2011-11-17,9.6,3.3,652,14.4,1505,6.38,,,,,1.5,2.8,20,13,2.1,50,18,.6,486,5.6,53,1506,77.8,9.2,1023.6,1030.7,1,1023.3,2400,1027.3,10.3,.4,900,.65,3.5,,,,,,8.3,4.9,9.8,-.1,9.9,10.4,11.9,12.9,15.5,18.3,,,,,.5,4,
192,2011-11-18,13,10.8,1,14.8,2357,21.57,,,,,47,3.2,320,2356,1.5,320,2357,.5,441,11.8,91,1,92.8,13.9,1011.2,1023.3,1,1008.9,2358,1014.8,10.3,0,1200,.24,1.15,,,,,,10,8,13.1,10.6,12.7,12.9,13.2,13.6,14.6,18,,,,,.3,52.5,1.33
192,2011-11-19,14,6.2,2351,20.5,1406,6.17,,,,,5.5,8,340,1716,4,340,1717,1,903,10.1,48,1844,79.5,12.9,1004.3,1013.7,2400,1004.7,641,1007.9,10.2,3,1300,.97,5.76,,,,,,5.9,4.6,14.6,2.4,14.5,14.8,14.7,14.7,15.4,17.4,,,,,1.9,,.75
192,2011-11-20,5.6,.7,2344,9,1425,,,,,,,10.1,20,934,5.4,360,935,2.7,2290,-8.5,18,1154,37.9,3.4,1020.4,1029.6,2258,1013.7,1,1024.2,10.2,9.2,1200,2.23,13.66,,,,,,0,0,6.2,-4,8.2,9.4,12,13.4,15.5,17.6,,,,,2,,
192,2011-11-21,2.9,-2.5,641,10.9,1509,,,,,,,3.8,250,1348,2,250,1449,.7,568,-4.3,27,1457,63.4,4.5,1026.9,1032.5,915,1029.1,1604,1030.7,10.2,9,1200,2.12,13.12,,,,,,.4,0,5.1,-6.5,6.4,7.3,9.9,11.5,15.2,17.3,,,,,2.1,,
192,2011-11-22,3.9,-3.5,629,10.5,1354,.95,,,,,.2,2.7,110,1103,1.6,110,1105,.6,510,-2.7,33,1158,65,5.1,1023.6,1031.3,203,1023.1,2358,1027.4,10.2,4.6,1000,1.61,8.32,,,,,,6.5,3.4,4.4,-6.7,6.1,6.7,9,10.6,14.1,17.1,,,,,1.3,3.2,
192,2011-11-23,6.9,3.1,651,13.1,1220,3.67,,,,,3,14.4,250,1637,7,270,1613,2.6,2250,-1,32,1347,61,5.9,1015.4,1023.7,2321,1016.1,1225,1019.1,10.1,6.5,1200,1.86,8.71,,,,,,4.5,4.1,6.5,.6,7.7,8.4,9.9,10.9,13.5,16.8,,,,,2.8,,.42
192,2011-11-24,3.5,-1,733,9,1524,,,,,,,8.6,360,1134,3.5,360,1138,1.3,1100,-7.8,19,1546,47.4,3.5,1023.3,1029.6,2355,1023.6,8,1027.1,10.1,9,1200,2.1,12.67,,,,,,0,0,4.4,-5.5,5.6,6.5,8.7,10.1,13,16.7,,,,,2.1,,
192,2011-11-25,2.6,-3.3,528,11.3,1448,,,,,,,6.2,50,1504,3,360,1524,.7,641,-3.8,33,1504,65.5,4.6,1026.3,1032,907,1028,1518,1030.2,10.1,8.7,1200,1.99,11.79,,,,,,.4,.4,3.9,-6.7,5,6,8,9.4,12.9,16.3,,,,,1.6,,
192,2011-11-26,5,-2.9,629,14,1435,,,,,,,3.9,110,1519,2.4,110,1524,.7,566,-.4,30,1438,72.1,6,1024.7,1031.5,929,1026.1,1640,1028.5,10.1,8.7,1100,1.83,11.03,,,,,,1.3,.6,4.8,-6.2,5.8,6.4,8,9.2,12.2,16,,,,,1.2,,
192,2011-11-27,8.5,1,522,18.4,1409,,,,,,,4.9,160,1528,2.5,180,1511,.6,495,5.3,55,1321,82.1,9.1,1020.2,1026.2,1,1021.4,1439,1023.9,10.1,8.6,1200,1.72,10.02,,,,,,1.4,.8,8.5,-1.9,8.4,8.7,9.3,9.9,12.1,15.5,,,,,1.1,4,
192,2011-11-28,12.2,6.9,5,16.5,1508,1.5,,,,,4,3.8,320,857,2.2,320,917,.6,504,10.4,75,1513,89.5,12.7,1018.4,1023.8,8,1020.1,1458,1022.1,10.1,1.2,1300,1.02,5.09,,,,,,8,5.4,12,4.4,11.2,11.2,10.8,11,12.4,15.3,,,,,.6,,
192,2011-11-29,13.7,11.6,152,17,1443,,,,,,,3.8,110,1624,2.1,70,1533,.8,686,11.3,73,1443,86,13.4,1018.3,1023.4,946,1020.2,1509,1021.9,10,1,1400,.87,4.51,,,,,,6.9,6.9,14,8.1,13,13,12.4,12.2,13,15.3,,,,,1,,
192,2011-11-30,10.1,5.5,2357,13.1,1,14.38,,,,,23.5,7,360,1342,3.6,20,1351,1.3,1147,7.6,79,613,84.9,10.6,1017.1,1024.2,2319,1017.9,1304,1020.8,10,0,1400,.12,.74,,,,,,9.8,6.9,11.1,5.2,11.4,11.8,12.5,12.7,13.6,15.3,,,,,.8,25,
192,2011-12-01,6.3,4.8,352,8,1251,7.2,,,,,1.5,7.3,20,1146,3.6,360,1301,2.2,1888,1.5,62,2157,72.1,6.8,1020.4,1025.5,1032,1022.9,1415,1024.2,10,.1,1200,1.03,4.39,,,,,,9.3,6.5,7.7,4.4,8.6,9.2,10.7,11.6,13.6,15.3,,,,,1.3,,
192,2011-12-02,7.2,3.4,602,11,1326,4.75,,,,,1,6.5,90,1341,3.7,20,1019,1.7,1457,1.4,53,1337,67.4,6.8,1015.4,1024.2,1,1014.7,2338,1019.1,10,3.5,1200,1.39,6.97,,,,,,8,4.8,7.6,-.7,8.2,8.7,9.9,10.8,13.1,15.3,,,,,1,1.5,
192,2011-12-03,8.2,2.7,2347,13.6,1251,5.95,,,,,.5,10,320,1455,5.3,340,1522,1.4,1229,1.4,33,1619,65,6.9,1012.5,1022.4,2329,1012.7,445,1016.2,10,7.8,1300,1.77,10.34,,,,,,4.6,3.9,8.6,-1.8,9.3,9.8,10.6,11.1,13,15.5,,,,,2,,
192,2011-12-04,5.7,-1,635,12.7,1327,,,,,,,5.7,340,1839,3.1,360,1848,.9,766,-1.4,36,1353,63.8,5.5,1020.6,1026.9,2317,1022.2,13,1024.4,9.9,6.4,1200,1.93,10.14,,,,,,4.6,2.5,5.6,-5.4,7.1,7.6,9.2,10.3,12.7,15.1,,,,,1.6,,
192,2011-12-05,3.7,-1.6,650,10.7,1440,,,,,,,4.9,110,1456,2.9,110,1444,.8,668,-5.1,22,1330,56.5,4.2,1025.3,1031,2214,1026.7,1,1029.1,9.9,8.7,1200,1.95,10.84,,,,,,3.9,0,4.5,-6.1,5.3,6.3,8.4,9.6,12.4,15,,,,,2,.5,
192,2011-12-06,5.2,.6,559,10.1,1510,3.92,,,,,.5,4.2,360,1948,2,90,1335,.7,641,.1,50,1952,70.4,6.2,1024.5,1030.7,1,1025.9,1449,1028.3,9.9,2.9,1300,1.71,6.02,,,,,,8.3,4.9,6.9,-1.7,6.8,7.4,8.4,9.4,12.1,15,,,,,.7,0,
192,2011-12-07,6.5,1.9,235,11.1,1416,,,,,,,3.7,70,2028,1.8,70,2028,.6,496,-.8,40,1418,61,5.8,1021.3,1029.4,21,1021.2,2334,1025.1,9.9,.6,1300,1.05,5.03,,,,,,9.3,4.4,6.7,-.1,7.2,7.7,8.6,9.4,11.6,14.4,,,,,1,,
192,2011-12-08,5.3,1.3,2355,10.4,1314,,,,,,,9.8,320,1932,4.9,360,2302,2,1763,-4.6,34,1035,50.4,4.5,1017.5,1024,2356,1018.2,1355,1021.3,9.9,5.7,1200,1.54,7.86,,,,,,5.5,2.3,5.5,-1.1,6.8,7.4,8.9,9.7,11.6,14.3,,,,,1.5,,
192,2011-12-09,1.2,-3.5,2400,6.4,1236,,,,,,,7,340,56,4,360,1537,1.8,1520,-9.3,29,1442,46.5,3,1021.6,1026.9,856,1023.4,58,1025.5,9.9,8.5,1200,1.94,11.31,,,,,,.9,.3,1.7,-8.2,3.5,4.7,6.9,8.4,11.3,13.7,,,,,2,,
192,2011-12-10,-.4,-5.7,632,5.8,1240,,,,,,,8.6,250,1511,4.7,250,1518,1,887,-6,36,1113,67.8,3.9,1022,1027.3,55,1023.5,1421,1025.9,9.9,7.3,1100,1.82,9.87,,,,,,3.4,3.4,1.1,-10.4,2.5,3.5,5.7,7.4,9.6,14,,,,,1.5,,
192,2011-12-11,1.8,-4.2,735,9.9,1520,,,,,,,4.1,250,1223,2.7,250,1230,.7,589,-4,36,1348,69,4.6,1022.5,1027.8,1018,1024.8,1510,1026.3,9.9,8.6,1200,1.9,11.43,,,,,,.5,.5,2.9,-8.5,3.5,4.4,5.9,7.1,10.2,14.6,,,,,1.8,,
192,2011-12-12,2.9,-4.1,557,11.7,1446,,,,,,,5.4,340,1631,3,360,1635,.7,607,-2.7,35,1447,70.3,5,1022.8,1028.1,2356,1024.8,1410,1026.6,9.8,5.4,1200,1.78,8.41,,,,,,4.9,4,3.2,-8.2,3.8,4.5,5.9,7,10,14,,,,,1.9,,2.63
192,2011-12-13,1.9,-4.3,651,12.3,1550,,,,,,,3.4,110,1229,2.2,110,1247,.5,437,-6.3,13,1541,62.1,3.9,1023.1,1029.9,837,1024.8,1524,1026.9,9.8,8.6,1200,1.95,11.49,,,,,,.6,.4,2.9,-10.2,3.6,4.5,5.9,6.9,9.7,13.4,,,,,1.6,,
192,2011-12-14,2.9,-4.6,642,12.8,1312,,,,,,,4,270,1337,2.2,250,1345,.6,519,-5.1,21,1409,61.6,4.2,1019.5,1025.4,1,1021.5,1411,1023.3,9.8,8.6,1200,1.87,11.06,,,,,,2.1,1.4,2.9,-9.5,3.5,4.3,5.6,6.7,9.4,12,,,,,1.5,,
192,2011-12-15,1.7,-2,2347,5.1,1429,,,,,,,8.3,50,1443,4.8,340,1543,2,1728,-12.1,16,1444,40.1,2.7,1021.2,1027.5,2349,1022.4,147,1025,9.8,5,1200,1.56,8.22,,,,,,5.1,.5,2.2,-7.1,3.1,3.9,5.6,6.7,9.2,12.8,,,,,2.2,,
192,2011-12-16,-1.5,-5.3,314,2.8,1433,,,,,,,9.5,320,1435,4.8,360,949,1.8,1557,-12.5,25,1435,44.3,2.4,1024.6,1030.4,2349,1026.2,410,1028.5,9.8,8.6,1200,1.91,11.35,,,,,,1.4,1.4,.1,-10.3,1.2,2.2,4.2,5.7,9,12.5,,,,,2.5,,
192,2011-12-17,-2,-9.3,612,6.2,1455,,,,,,,5.7,340,1532,3.4,360,1539,.9,819,-10.9,28,1532,53.6,2.7,1026.6,1032.6,941,1028.3,1445,1030.5,9.8,8.5,1200,1.96,11.52,,,,,,0,0,-.4,-14.1,.6,1.3,3.4,5,8.4,12.3,,,,,2.2,,
192,2011-12-18,0,-6.3,504,6.8,1534,,,,,,,6.4,360,1814,3.1,340,1822,.9,771,-7.1,38,1716,60.6,3.6,1025.2,1031.1,1,1026.8,1516,1029.1,9.8,5.5,1100,1.41,8.13,,,,,,4.6,2,.8,-10.2,1.3,1.8,3.4,4.8,8,12,,,,,1.5,,
192,2011-12-19,-.4,-7.4,529,7.2,1503,,,,,,,8.4,340,1324,4,360,1314,.9,818,-7.8,30,1223,62,3.4,1025.4,1031.1,932,1027,1447,1029.2,9.8,8.5,1200,1.82,10.67,,,,,,0,0,.2,-13,1.1,1.8,3.4,4.7,7.7,11.7,,,,,1.8,,
192,2011-12-20,.1,-6.4,616,7.1,1440,,,,,,,4.6,180,1631,2.4,200,1632,.7,571,-7.7,22,1535,61.1,3.5,1024.5,1030.8,829,1026.3,1444,1028.4,9.8,7.2,1100,1.7,9.39,,,,,,3.6,0,.3,-11.2,1.3,1.7,3.2,4.4,5.4,11.5,,,,,1.6,,
192,2011-12-21,.7,-4.4,710,8.6,1454,,,,,,,3.5,320,2216,2,20,2223,.5,421,-5.2,36,1205,67.3,4.2,1020.4,1027.6,1,1021.5,1614,1024.3,9.8,2.5,1200,1.43,6.23,,,,,,6,1.3,2,-8.7,2.1,2.7,3.8,4.7,7.3,11.2,,,,,1,,
192,2011-12-22,-.2,-3.7,2353,3.6,1312,,,,,,,10.3,360,1008,5.4,340,844,2.3,1955,-13.8,19,1236,41.3,2.4,1019.3,1026,2254,1021.2,437,1023.1,9.8,7.8,1200,2,11.33,,,,,,1.6,.8,.6,-7.9,1.4,2.3,3.7,4.7,7.5,11,,,,,2.3,,
192,2011-12-23,-2.6,-9.2,507,3.3,1242,,,,,,,7.7,340,1443,4,360,1449,1.6,1392,-18.3,11,1253,31.9,1.5,1020.6,1026.5,941,1022.5,1513,1024.5,9.8,8.6,1200,2.01,11.61,,,,,,1.8,0,-1.8,-14.3,-.2,.3,2.5,4,7.3,10.7,,,,,2.6,0,
192,2011-12-24,-2.1,-8.7,620,4.5,1514,.42,,,,,0,9.3,320,1722,4.7,340,1234,1.9,1627,-14.1,19,1202,43.6,2.1,1018.8,1025.5,2345,1020.1,1344,1022.7,9.8,7.5,1200,1.98,10.6,,,,,,2.4,2.4,-1.1,-11.9,-.4,.1,2.1,3.5,6.8,10.5,,,,,2.1,0,
192,2011-12-25,-1,-4.6,745,2.7,1554,,,,,,,10.4,340,1317,4.8,320,1424,2.2,1927,-14.4,21,1231,37.1,2,1024.8,1031,2219,1025.3,57,1028.7,9.8,8.6,1200,1.92,11.2,,,,,,1,1,-1,-9.6,.1,.6,2.2,3.4,6.3,10.3,,,,,1.9,,
192,2011-12-26,-2,-5.7,2338,2.8,1402,,,,,,,7.6,50,1713,4.1,20,1351,1.9,1652,-18.3,15,1601,29.3,1.5,1029.2,1034.8,1002,1030.6,107,1033.1,9.8,8.6,1200,1.97,11.55,,,,,,.5,0,-1.7,-11.7,-.3,.1,1.9,3.2,6.1,10,,,,,1.7,,
192,2011-12-27,-2.9,-10.2,652,6.5,1548,,,,,,,4.8,110,1228,3.1,110,1303,.7,644,-15.2,14,1520,42.3,1.9,1029.6,1036.1,922,1031.6,1435,1033.6,9.8,8.7,1200,1.91,11.08,,,,,,1.9,0,-1.5,-13.8,-.9,-.3,1.6,3,6,10,,,,,1.8,,
192,2011-12-28,-1.3,-7.1,707,8,1508,,,,,,,4.8,140,1319,2.8,110,1314,.4,352,-9.8,26,1505,55.3,2.9,1026.1,1033.1,1,1027.5,1444,1030,9.8,8.3,1200,1.64,8.76,,,,,,1.8,0,-.7,-11.1,-.3,0,1.6,2.8,5.8,9.6,,,,,1.2,,
192,2011-12-29,-.2,-6.8,728,8.9,1254,,,,,,,4.9,340,1621,2.8,360,1614,.6,510,-7.9,23,1605,60.9,3.4,1023.2,1028.7,2322,1024.4,1424,1027.1,9.8,8.1,1200,1.69,9.95,,,,,,2.1,1,-.1,-10.7,.5,.6,1.9,2.9,5.5,9.5,,,,,1.5,,
192,2011-12-30,-1.7,-7.7,743,8.4,1539,,,,,,,3,230,1323,1.7,230,1325,.3,294,-7.8,29,1343,66.6,3.4,1025.6,1031.5,958,1027.4,1442,1029.5,9.8,8.4,1200,1.79,10.22,,,,,,0,0,-.7,-12.9,0,.2,1.8,2.9,4.5,9.4,,,,,1.4,,
192,2011-12-31,-1.2,-8.9,710,6.8,1454,,,,,,,2.8,180,1704,1.4,230,1345,.4,367,-10,19,1528,56.5,2.9,1022.8,1029.8,1,1023.9,1453,1026.7,9.8,6.4,1200,1.75,9.39,,,,,,4.6,0,-1.3,-13.8,-.2,-.1,1.6,2.8,4.5,9.2,,,,,1.1,,
